accessionId,reportedTrait,discoverySampleAncestry,summaryStatistics,pubmedId,initialSampleDescription
GCST90032172,Absiella dolichum abundance in stool,5959 European,http://ftp.ebi.ac.uk/pub/databases/gwas/summary_statistics/GCST90032001-GCST90033000/GCST90032172,35115689,"5,959 Finnish ancestry individuals"
GCST90032173,Acetobacteraceae abundance in stool,5959 European,http://ftp.ebi.ac.uk/pub/databases/gwas/summary_statistics/GCST90032001-GCST90033000/GCST90032173,35115689,"5,959 Finnish ancestry individuals"
GCST90032174,Acetobacterales abundance in stool,5959 European,http://ftp.ebi.ac.uk/pub/databases/gwas/summary_statistics/GCST90032001-GCST90033000/GCST90032174,35115689,"5,959 Finnish ancestry individuals"
GCST90032175,Achromobacter abundance in stool,5959 European,http://ftp.ebi.ac.uk/pub/databases/gwas/summary_statistics/GCST90032001-GCST90033000/GCST90032175,35115689,"5,959 Finnish ancestry individuals"
GCST90032176,Acidaminococcus fermentans abundance in stool,5959 European,http://ftp.ebi.ac.uk/pub/databases/gwas/summary_statistics/GCST90032001-GCST90033000/GCST90032176,35115689,"5,959 Finnish ancestry individuals"
GCST90032177,Acidaminococcus sp900315205 abundance in stool,5959 European,http://ftp.ebi.ac.uk/pub/databases/gwas/summary_statistics/GCST90032001-GCST90033000/GCST90032177,35115689,"5,959 Finnish ancestry individuals"
GCST90032178,Acidobacteriales abundance in stool,5959 European,http://ftp.ebi.ac.uk/pub/databases/gwas/summary_statistics/GCST90032001-GCST90033000/GCST90032178,35115689,"5,959 Finnish ancestry individuals"
GCST90032179,Actinobacteria abundance in stool,5959 European,http://ftp.ebi.ac.uk/pub/databases/gwas/summary_statistics/GCST90032001-GCST90033000/GCST90032179,35115689,"5,959 Finnish ancestry individuals"
GCST90032180,Actinobacteriota abundance in stool,5959 European,http://ftp.ebi.ac.uk/pub/databases/gwas/summary_statistics/GCST90032001-GCST90033000/GCST90032180,35115689,"5,959 Finnish ancestry individuals"
GCST90032181,Actinomycetales abundance in stool,5959 European,http://ftp.ebi.ac.uk/pub/databases/gwas/summary_statistics/GCST90032001-GCST90033000/GCST90032181,35115689,"5,959 Finnish ancestry individuals"
GCST90032182,Agathobacter sp000434275 abundance in stool,5959 European,http://ftp.ebi.ac.uk/pub/databases/gwas/summary_statistics/GCST90032001-GCST90033000/GCST90032182,35115689,"5,959 Finnish ancestry individuals"
GCST90032183,Akkermansia muciniphila B abundance in stool,5959 European,http://ftp.ebi.ac.uk/pub/databases/gwas/summary_statistics/GCST90032001-GCST90033000/GCST90032183,35115689,"5,959 Finnish ancestry individuals"
GCST90032184,Aliivibrio abundance in stool,5959 European,http://ftp.ebi.ac.uk/pub/databases/gwas/summary_statistics/GCST90032001-GCST90033000/GCST90032184,35115689,"5,959 Finnish ancestry individuals"
GCST90032185,Alistipes shahii abundance in stool,5959 European,http://ftp.ebi.ac.uk/pub/databases/gwas/summary_statistics/GCST90032001-GCST90033000/GCST90032185,35115689,"5,959 Finnish ancestry individuals"
GCST90032186,Alistipes abundance in stool,5959 European,http://ftp.ebi.ac.uk/pub/databases/gwas/summary_statistics/GCST90032001-GCST90033000/GCST90032186,35115689,"5,959 Finnish ancestry individuals"
GCST90032187,Alloprevotella abundance in stool,5959 European,http://ftp.ebi.ac.uk/pub/databases/gwas/summary_statistics/GCST90032001-GCST90033000/GCST90032187,35115689,"5,959 Finnish ancestry individuals"
GCST90032188,Alteromonadaceae abundance in stool,5959 European,http://ftp.ebi.ac.uk/pub/databases/gwas/summary_statistics/GCST90032001-GCST90033000/GCST90032188,35115689,"5,959 Finnish ancestry individuals"
GCST90032189,An181 abundance in stool,5959 European,http://ftp.ebi.ac.uk/pub/databases/gwas/summary_statistics/GCST90032001-GCST90033000/GCST90032189,35115689,"5,959 Finnish ancestry individuals"
GCST90032190,An7 abundance in stool,5959 European,http://ftp.ebi.ac.uk/pub/databases/gwas/summary_statistics/GCST90032001-GCST90033000/GCST90032190,35115689,"5,959 Finnish ancestry individuals"
GCST90032191,Anaeromassilibacillus sp001305115 abundance in stool,5959 European,http://ftp.ebi.ac.uk/pub/databases/gwas/summary_statistics/GCST90032001-GCST90033000/GCST90032191,35115689,"5,959 Finnish ancestry individuals"
GCST90032192,Aneurinibacillaceae abundance in stool,5959 European,http://ftp.ebi.ac.uk/pub/databases/gwas/summary_statistics/GCST90032001-GCST90033000/GCST90032192,35115689,"5,959 Finnish ancestry individuals"
GCST90032193,Aneurinibacillales abundance in stool,5959 European,http://ftp.ebi.ac.uk/pub/databases/gwas/summary_statistics/GCST90032001-GCST90033000/GCST90032193,35115689,"5,959 Finnish ancestry individuals"
GCST90032194,AR31 abundance in stool,5959 European,http://ftp.ebi.ac.uk/pub/databases/gwas/summary_statistics/GCST90032001-GCST90033000/GCST90032194,35115689,"5,959 Finnish ancestry individuals"
GCST90032195,Atopobiaceae abundance in stool,5959 European,http://ftp.ebi.ac.uk/pub/databases/gwas/summary_statistics/GCST90032001-GCST90033000/GCST90032195,35115689,"5,959 Finnish ancestry individuals"
GCST90032196,Aureimonas abundance in stool,5959 European,http://ftp.ebi.ac.uk/pub/databases/gwas/summary_statistics/GCST90032001-GCST90033000/GCST90032196,35115689,"5,959 Finnish ancestry individuals"
GCST90032197,Azorhizobium abundance in stool,5959 European,http://ftp.ebi.ac.uk/pub/databases/gwas/summary_statistics/GCST90032001-GCST90033000/GCST90032197,35115689,"5,959 Finnish ancestry individuals"
GCST90032198,Bacillaceae A abundance in stool,5959 European,http://ftp.ebi.ac.uk/pub/databases/gwas/summary_statistics/GCST90032001-GCST90033000/GCST90032198,35115689,"5,959 Finnish ancestry individuals"
GCST90032199,Bacillales A abundance in stool,5959 European,http://ftp.ebi.ac.uk/pub/databases/gwas/summary_statistics/GCST90032001-GCST90033000/GCST90032199,35115689,"5,959 Finnish ancestry individuals"
GCST90032200,Bacilli A abundance in stool,5959 European,http://ftp.ebi.ac.uk/pub/databases/gwas/summary_statistics/GCST90032001-GCST90033000/GCST90032200,35115689,"5,959 Finnish ancestry individuals"
GCST90032201,Bacillus AY abundance in stool,5959 European,http://ftp.ebi.ac.uk/pub/databases/gwas/summary_statistics/GCST90032001-GCST90033000/GCST90032201,35115689,"5,959 Finnish ancestry individuals"
GCST90032202,Bacillus C abundance in stool,5959 European,http://ftp.ebi.ac.uk/pub/databases/gwas/summary_statistics/GCST90032001-GCST90033000/GCST90032202,35115689,"5,959 Finnish ancestry individuals"
GCST90032203,Bacillus abundance in stool,5959 European,http://ftp.ebi.ac.uk/pub/databases/gwas/summary_statistics/GCST90032001-GCST90033000/GCST90032203,35115689,"5,959 Finnish ancestry individuals"
GCST90032204,Bacillus U abundance in stool,5959 European,http://ftp.ebi.ac.uk/pub/databases/gwas/summary_statistics/GCST90032001-GCST90033000/GCST90032204,35115689,"5,959 Finnish ancestry individuals"
GCST90032205,Bacillus velezensis abundance in stool,5959 European,http://ftp.ebi.ac.uk/pub/databases/gwas/summary_statistics/GCST90032001-GCST90033000/GCST90032205,35115689,"5,959 Finnish ancestry individuals"
GCST90032206,Bacteroides A plebeius A abundance in stool,5959 European,http://ftp.ebi.ac.uk/pub/databases/gwas/summary_statistics/GCST90032001-GCST90033000/GCST90032206,35115689,"5,959 Finnish ancestry individuals"
GCST90032207,Bacteroides A plebeius abundance in stool,5959 European,http://ftp.ebi.ac.uk/pub/databases/gwas/summary_statistics/GCST90032001-GCST90033000/GCST90032207,35115689,"5,959 Finnish ancestry individuals"
GCST90032208,Bacteroides A abundance in stool,5959 European,http://ftp.ebi.ac.uk/pub/databases/gwas/summary_statistics/GCST90032001-GCST90033000/GCST90032208,35115689,"5,959 Finnish ancestry individuals"
GCST90032209,Bacteroides clarus abundance in stool,5959 European,http://ftp.ebi.ac.uk/pub/databases/gwas/summary_statistics/GCST90032001-GCST90033000/GCST90032209,35115689,"5,959 Finnish ancestry individuals"
GCST90032210,Bacteroides eggerthii abundance in stool,5959 European,http://ftp.ebi.ac.uk/pub/databases/gwas/summary_statistics/GCST90032001-GCST90033000/GCST90032210,35115689,"5,959 Finnish ancestry individuals"
GCST90032211,Bacteroides faecis abundance in stool,5959 European,http://ftp.ebi.ac.uk/pub/databases/gwas/summary_statistics/GCST90032001-GCST90033000/GCST90032211,35115689,"5,959 Finnish ancestry individuals"
GCST90032212,Bacteroides intestinalis A abundance in stool,5959 European,http://ftp.ebi.ac.uk/pub/databases/gwas/summary_statistics/GCST90032001-GCST90033000/GCST90032212,35115689,"5,959 Finnish ancestry individuals"
GCST90032213,Bacteroides sp002160055 abundance in stool,5959 European,http://ftp.ebi.ac.uk/pub/databases/gwas/summary_statistics/GCST90032001-GCST90033000/GCST90032213,35115689,"5,959 Finnish ancestry individuals"
GCST90032214,Bacteroides sp003545565 abundance in stool,5959 European,http://ftp.ebi.ac.uk/pub/databases/gwas/summary_statistics/GCST90032001-GCST90033000/GCST90032214,35115689,"5,959 Finnish ancestry individuals"
GCST90032215,Bacteroides stercoris abundance in stool,5959 European,http://ftp.ebi.ac.uk/pub/databases/gwas/summary_statistics/GCST90032001-GCST90033000/GCST90032215,35115689,"5,959 Finnish ancestry individuals"
GCST90032216,Bacteroides thetaiotaomicron abundance in stool,5959 European,http://ftp.ebi.ac.uk/pub/databases/gwas/summary_statistics/GCST90032001-GCST90033000/GCST90032216,35115689,"5,959 Finnish ancestry individuals"
GCST90032217,Barnesiellaceae abundance in stool,5959 European,http://ftp.ebi.ac.uk/pub/databases/gwas/summary_statistics/GCST90032001-GCST90033000/GCST90032217,35115689,"5,959 Finnish ancestry individuals"
GCST90032218,Barnesiella abundance in stool,5959 European,http://ftp.ebi.ac.uk/pub/databases/gwas/summary_statistics/GCST90032001-GCST90033000/GCST90032218,35115689,"5,959 Finnish ancestry individuals"
GCST90032219,Bifidobacteriaceae abundance in stool,5959 European,http://ftp.ebi.ac.uk/pub/databases/gwas/summary_statistics/GCST90032001-GCST90033000/GCST90032219,35115689,"5,959 Finnish ancestry individuals"
GCST90032220,Bifidobacterium adolescentis abundance in stool,5959 European,http://ftp.ebi.ac.uk/pub/databases/gwas/summary_statistics/GCST90032001-GCST90033000/GCST90032220,35115689,"5,959 Finnish ancestry individuals"
GCST90032221,Bifidobacterium angulatum abundance in stool,5959 European,http://ftp.ebi.ac.uk/pub/databases/gwas/summary_statistics/GCST90032001-GCST90033000/GCST90032221,35115689,"5,959 Finnish ancestry individuals"
GCST90032222,Bifidobacterium bifidum abundance in stool,5959 European,http://ftp.ebi.ac.uk/pub/databases/gwas/summary_statistics/GCST90032001-GCST90033000/GCST90032222,35115689,"5,959 Finnish ancestry individuals"
GCST90032223,Bifidobacterium breve abundance in stool,5959 European,http://ftp.ebi.ac.uk/pub/databases/gwas/summary_statistics/GCST90032001-GCST90033000/GCST90032223,35115689,"5,959 Finnish ancestry individuals"
GCST90032224,Bifidobacterium catenulatum abundance in stool,5959 European,http://ftp.ebi.ac.uk/pub/databases/gwas/summary_statistics/GCST90032001-GCST90033000/GCST90032224,35115689,"5,959 Finnish ancestry individuals"
GCST90032225,Bifidobacterium infantis abundance in stool,5959 European,http://ftp.ebi.ac.uk/pub/databases/gwas/summary_statistics/GCST90032001-GCST90033000/GCST90032225,35115689,"5,959 Finnish ancestry individuals"
GCST90032226,Bifidobacterium kashiwanohense abundance in stool,5959 European,http://ftp.ebi.ac.uk/pub/databases/gwas/summary_statistics/GCST90032001-GCST90033000/GCST90032226,35115689,"5,959 Finnish ancestry individuals"
GCST90032227,Bifidobacterium longum abundance in stool,5959 European,http://ftp.ebi.ac.uk/pub/databases/gwas/summary_statistics/GCST90032001-GCST90033000/GCST90032227,35115689,"5,959 Finnish ancestry individuals"
GCST90032228,Bifidobacterium pseudocatenulatum abundance in stool,5959 European,http://ftp.ebi.ac.uk/pub/databases/gwas/summary_statistics/GCST90032001-GCST90033000/GCST90032228,35115689,"5,959 Finnish ancestry individuals"
GCST90032229,Bifidobacterium ruminantium abundance in stool,5959 European,http://ftp.ebi.ac.uk/pub/databases/gwas/summary_statistics/GCST90032001-GCST90033000/GCST90032229,35115689,"5,959 Finnish ancestry individuals"
GCST90032230,Bifidobacterium abundance in stool,5959 European,http://ftp.ebi.ac.uk/pub/databases/gwas/summary_statistics/GCST90032001-GCST90033000/GCST90032230,35115689,"5,959 Finnish ancestry individuals"
GCST90032231,Bin127 abundance in stool,5959 European,http://ftp.ebi.ac.uk/pub/databases/gwas/summary_statistics/GCST90032001-GCST90033000/GCST90032231,35115689,"5,959 Finnish ancestry individuals"
GCST90032232,Blautia A sp000285855 abundance in stool,5959 European,http://ftp.ebi.ac.uk/pub/databases/gwas/summary_statistics/GCST90032001-GCST90033000/GCST90032232,35115689,"5,959 Finnish ancestry individuals"
GCST90032233,Blautia A sp002159835 abundance in stool,5959 European,http://ftp.ebi.ac.uk/pub/databases/gwas/summary_statistics/GCST90032001-GCST90033000/GCST90032233,35115689,"5,959 Finnish ancestry individuals"
GCST90032234,Blautia A sp900066145 abundance in stool,5959 European,http://ftp.ebi.ac.uk/pub/databases/gwas/summary_statistics/GCST90032001-GCST90033000/GCST90032234,35115689,"5,959 Finnish ancestry individuals"
GCST90032235,Blautia A sp900066355 abundance in stool,5959 European,http://ftp.ebi.ac.uk/pub/databases/gwas/summary_statistics/GCST90032001-GCST90033000/GCST90032235,35115689,"5,959 Finnish ancestry individuals"
GCST90032236,Blautia hansenii abundance in stool,5959 European,http://ftp.ebi.ac.uk/pub/databases/gwas/summary_statistics/GCST90032001-GCST90033000/GCST90032236,35115689,"5,959 Finnish ancestry individuals"
GCST90032237,Blautia sp000436935 abundance in stool,5959 European,http://ftp.ebi.ac.uk/pub/databases/gwas/summary_statistics/GCST90032001-GCST90033000/GCST90032237,35115689,"5,959 Finnish ancestry individuals"
GCST90032238,Blautia sp001304935 abundance in stool,5959 European,http://ftp.ebi.ac.uk/pub/databases/gwas/summary_statistics/GCST90032001-GCST90033000/GCST90032238,35115689,"5,959 Finnish ancestry individuals"
GCST90032239,Borreliaceae abundance in stool,5959 European,http://ftp.ebi.ac.uk/pub/databases/gwas/summary_statistics/GCST90032001-GCST90033000/GCST90032239,35115689,"5,959 Finnish ancestry individuals"
GCST90032240,Borreliales abundance in stool,5959 European,http://ftp.ebi.ac.uk/pub/databases/gwas/summary_statistics/GCST90032001-GCST90033000/GCST90032240,35115689,"5,959 Finnish ancestry individuals"
GCST90032241,Brachyspiraceae abundance in stool,5959 European,http://ftp.ebi.ac.uk/pub/databases/gwas/summary_statistics/GCST90032001-GCST90033000/GCST90032241,35115689,"5,959 Finnish ancestry individuals"
GCST90032242,Brachyspirae abundance in stool,5959 European,http://ftp.ebi.ac.uk/pub/databases/gwas/summary_statistics/GCST90032001-GCST90033000/GCST90032242,35115689,"5,959 Finnish ancestry individuals"
GCST90032243,Brachyspirales abundance in stool,5959 European,http://ftp.ebi.ac.uk/pub/databases/gwas/summary_statistics/GCST90032001-GCST90033000/GCST90032243,35115689,"5,959 Finnish ancestry individuals"
GCST90032244,Brachyspira abundance in stool,5959 European,http://ftp.ebi.ac.uk/pub/databases/gwas/summary_statistics/GCST90032001-GCST90033000/GCST90032244,35115689,"5,959 Finnish ancestry individuals"
GCST90032245,Brevibacillaceae abundance in stool,5959 European,http://ftp.ebi.ac.uk/pub/databases/gwas/summary_statistics/GCST90032001-GCST90033000/GCST90032245,35115689,"5,959 Finnish ancestry individuals"
GCST90032246,Brevibacillales abundance in stool,5959 European,http://ftp.ebi.ac.uk/pub/databases/gwas/summary_statistics/GCST90032001-GCST90033000/GCST90032246,35115689,"5,959 Finnish ancestry individuals"
GCST90032247,Brevibacillus B abundance in stool,5959 European,http://ftp.ebi.ac.uk/pub/databases/gwas/summary_statistics/GCST90032001-GCST90033000/GCST90032247,35115689,"5,959 Finnish ancestry individuals"
GCST90032248,Butyricimonas sp900258545 abundance in stool,5959 European,http://ftp.ebi.ac.uk/pub/databases/gwas/summary_statistics/GCST90032001-GCST90033000/GCST90032248,35115689,"5,959 Finnish ancestry individuals"
GCST90032249,CAG-1000 sp000434555 abundance in stool,5959 European,http://ftp.ebi.ac.uk/pub/databases/gwas/summary_statistics/GCST90032001-GCST90033000/GCST90032249,35115689,"5,959 Finnish ancestry individuals"
GCST90032250,CAG-1000 abundance in stool,5959 European,http://ftp.ebi.ac.uk/pub/databases/gwas/summary_statistics/GCST90032001-GCST90033000/GCST90032250,35115689,"5,959 Finnish ancestry individuals"
GCST90032251,CAG-1031 abundance in stool,5959 European,http://ftp.ebi.ac.uk/pub/databases/gwas/summary_statistics/GCST90032001-GCST90033000/GCST90032251,35115689,"5,959 Finnish ancestry individuals"
GCST90032252,CAG-110 abundance in stool,5959 European,http://ftp.ebi.ac.uk/pub/databases/gwas/summary_statistics/GCST90032001-GCST90033000/GCST90032252,35115689,"5,959 Finnish ancestry individuals"
GCST90032253,CAG-145 sp000435615 abundance in stool,5959 European,http://ftp.ebi.ac.uk/pub/databases/gwas/summary_statistics/GCST90032001-GCST90033000/GCST90032253,35115689,"5,959 Finnish ancestry individuals"
GCST90032254,CAG-145 sp002320005 abundance in stool,5959 European,http://ftp.ebi.ac.uk/pub/databases/gwas/summary_statistics/GCST90032001-GCST90033000/GCST90032254,35115689,"5,959 Finnish ancestry individuals"
GCST90032255,CAG-145 abundance in stool,5959 European,http://ftp.ebi.ac.uk/pub/databases/gwas/summary_statistics/GCST90032001-GCST90033000/GCST90032255,35115689,"5,959 Finnish ancestry individuals"
GCST90032256,CAG-170 sp003516765 abundance in stool,5959 European,http://ftp.ebi.ac.uk/pub/databases/gwas/summary_statistics/GCST90032001-GCST90033000/GCST90032256,35115689,"5,959 Finnish ancestry individuals"
GCST90032257,CAG-177 sp002438685 abundance in stool,5959 European,http://ftp.ebi.ac.uk/pub/databases/gwas/summary_statistics/GCST90032001-GCST90033000/GCST90032257,35115689,"5,959 Finnish ancestry individuals"
GCST90032258,CAG-177 sp002451755 abundance in stool,5959 European,http://ftp.ebi.ac.uk/pub/databases/gwas/summary_statistics/GCST90032001-GCST90033000/GCST90032258,35115689,"5,959 Finnish ancestry individuals"
GCST90032259,CAG-177 sp003514385 abundance in stool,5959 European,http://ftp.ebi.ac.uk/pub/databases/gwas/summary_statistics/GCST90032001-GCST90033000/GCST90032259,35115689,"5,959 Finnish ancestry individuals"
GCST90032260,CAG-177 sp003538135 abundance in stool,5959 European,http://ftp.ebi.ac.uk/pub/databases/gwas/summary_statistics/GCST90032001-GCST90033000/GCST90032260,35115689,"5,959 Finnish ancestry individuals"
GCST90032261,CAG-177 abundance in stool,5959 European,http://ftp.ebi.ac.uk/pub/databases/gwas/summary_statistics/GCST90032001-GCST90033000/GCST90032261,35115689,"5,959 Finnish ancestry individuals"
GCST90032262,CAG-180 sp000432435 abundance in stool,5959 European,http://ftp.ebi.ac.uk/pub/databases/gwas/summary_statistics/GCST90032001-GCST90033000/GCST90032262,35115689,"5,959 Finnish ancestry individuals"
GCST90032263,CAG-194 sp002441865 abundance in stool,5959 European,http://ftp.ebi.ac.uk/pub/databases/gwas/summary_statistics/GCST90032001-GCST90033000/GCST90032263,35115689,"5,959 Finnish ancestry individuals"
GCST90032264,CAG-245 sp000435175 abundance in stool,5959 European,http://ftp.ebi.ac.uk/pub/databases/gwas/summary_statistics/GCST90032001-GCST90033000/GCST90032264,35115689,"5,959 Finnish ancestry individuals"
GCST90032265,CAG-245 abundance in stool,5959 European,http://ftp.ebi.ac.uk/pub/databases/gwas/summary_statistics/GCST90032001-GCST90033000/GCST90032265,35115689,"5,959 Finnish ancestry individuals"
GCST90032266,CAG-269 sp001915995 abundance in stool,5959 European,http://ftp.ebi.ac.uk/pub/databases/gwas/summary_statistics/GCST90032001-GCST90033000/GCST90032266,35115689,"5,959 Finnish ancestry individuals"
GCST90032267,CAG-269 sp001916065 abundance in stool,5959 European,http://ftp.ebi.ac.uk/pub/databases/gwas/summary_statistics/GCST90032001-GCST90033000/GCST90032267,35115689,"5,959 Finnish ancestry individuals"
GCST90032268,CAG-269 sp002372935 abundance in stool,5959 European,http://ftp.ebi.ac.uk/pub/databases/gwas/summary_statistics/GCST90032001-GCST90033000/GCST90032268,35115689,"5,959 Finnish ancestry individuals"
GCST90032269,CAG-273 sp003507395 abundance in stool,5959 European,http://ftp.ebi.ac.uk/pub/databases/gwas/summary_statistics/GCST90032001-GCST90033000/GCST90032269,35115689,"5,959 Finnish ancestry individuals"
GCST90032270,CAG-273 sp003534295 abundance in stool,5959 European,http://ftp.ebi.ac.uk/pub/databases/gwas/summary_statistics/GCST90032001-GCST90033000/GCST90032270,35115689,"5,959 Finnish ancestry individuals"
GCST90032271,CAG-274 sp000432155 abundance in stool,5959 European,http://ftp.ebi.ac.uk/pub/databases/gwas/summary_statistics/GCST90032001-GCST90033000/GCST90032271,35115689,"5,959 Finnish ancestry individuals"
GCST90032272,CAG-302 abundance in stool,5959 European,http://ftp.ebi.ac.uk/pub/databases/gwas/summary_statistics/GCST90032001-GCST90033000/GCST90032272,35115689,"5,959 Finnish ancestry individuals"
GCST90032273,CAG-345 sp000433315 abundance in stool,5959 European,http://ftp.ebi.ac.uk/pub/databases/gwas/summary_statistics/GCST90032001-GCST90033000/GCST90032273,35115689,"5,959 Finnish ancestry individuals"
GCST90032274,CAG-345 abundance in stool,5959 European,http://ftp.ebi.ac.uk/pub/databases/gwas/summary_statistics/GCST90032001-GCST90033000/GCST90032274,35115689,"5,959 Finnish ancestry individuals"
GCST90032275,CAG-349 abundance in stool,5959 European,http://ftp.ebi.ac.uk/pub/databases/gwas/summary_statistics/GCST90032001-GCST90033000/GCST90032275,35115689,"5,959 Finnish ancestry individuals"
GCST90032276,CAG-390 sp003523225 abundance in stool,5959 European,http://ftp.ebi.ac.uk/pub/databases/gwas/summary_statistics/GCST90032001-GCST90033000/GCST90032276,35115689,"5,959 Finnish ancestry individuals"
GCST90032277,CAG-433 abundance in stool,5959 European,http://ftp.ebi.ac.uk/pub/databases/gwas/summary_statistics/GCST90032001-GCST90033000/GCST90032277,35115689,"5,959 Finnish ancestry individuals"
GCST90032278,CAG-448 sp000433415 abundance in stool,5959 European,http://ftp.ebi.ac.uk/pub/databases/gwas/summary_statistics/GCST90032001-GCST90033000/GCST90032278,35115689,"5,959 Finnish ancestry individuals"
GCST90032279,CAG-448 sp003150135 abundance in stool,5959 European,http://ftp.ebi.ac.uk/pub/databases/gwas/summary_statistics/GCST90032001-GCST90033000/GCST90032279,35115689,"5,959 Finnish ancestry individuals"
GCST90032280,CAG-448 abundance in stool,5959 European,http://ftp.ebi.ac.uk/pub/databases/gwas/summary_statistics/GCST90032001-GCST90033000/GCST90032280,35115689,"5,959 Finnish ancestry individuals"
GCST90032281,CAG-449 abundance in stool,5959 European,http://ftp.ebi.ac.uk/pub/databases/gwas/summary_statistics/GCST90032001-GCST90033000/GCST90032281,35115689,"5,959 Finnish ancestry individuals"
GCST90032282,CAG-452 sp000434035 abundance in stool,5959 European,http://ftp.ebi.ac.uk/pub/databases/gwas/summary_statistics/GCST90032001-GCST90033000/GCST90032282,35115689,"5,959 Finnish ancestry individuals"
GCST90032283,CAG-452 abundance in stool,5959 European,http://ftp.ebi.ac.uk/pub/databases/gwas/summary_statistics/GCST90032001-GCST90033000/GCST90032283,35115689,"5,959 Finnish ancestry individuals"
GCST90032284,CAG-465 sp000433135 abundance in stool,5959 European,http://ftp.ebi.ac.uk/pub/databases/gwas/summary_statistics/GCST90032001-GCST90033000/GCST90032284,35115689,"5,959 Finnish ancestry individuals"
GCST90032285,CAG-475 abundance in stool,5959 European,http://ftp.ebi.ac.uk/pub/databases/gwas/summary_statistics/GCST90032001-GCST90033000/GCST90032285,35115689,"5,959 Finnish ancestry individuals"
GCST90032286,CAG-485 sp002362485 abundance in stool,5959 European,http://ftp.ebi.ac.uk/pub/databases/gwas/summary_statistics/GCST90032001-GCST90033000/GCST90032286,35115689,"5,959 Finnish ancestry individuals"
GCST90032287,CAG-485 sp002404675 abundance in stool,5959 European,http://ftp.ebi.ac.uk/pub/databases/gwas/summary_statistics/GCST90032001-GCST90033000/GCST90032287,35115689,"5,959 Finnish ancestry individuals"
GCST90032288,CAG-488 sp000434055 abundance in stool,5959 European,http://ftp.ebi.ac.uk/pub/databases/gwas/summary_statistics/GCST90032001-GCST90033000/GCST90032288,35115689,"5,959 Finnish ancestry individuals"
GCST90032289,CAG-488 abundance in stool,5959 European,http://ftp.ebi.ac.uk/pub/databases/gwas/summary_statistics/GCST90032001-GCST90033000/GCST90032289,35115689,"5,959 Finnish ancestry individuals"
GCST90032290,CAG-495 abundance in stool,5959 European,http://ftp.ebi.ac.uk/pub/databases/gwas/summary_statistics/GCST90032001-GCST90033000/GCST90032290,35115689,"5,959 Finnish ancestry individuals"
GCST90032291,CAG-510 sp002432425 abundance in stool,5959 European,http://ftp.ebi.ac.uk/pub/databases/gwas/summary_statistics/GCST90032001-GCST90033000/GCST90032291,35115689,"5,959 Finnish ancestry individuals"
GCST90032292,CAG-552 abundance in stool,5959 European,http://ftp.ebi.ac.uk/pub/databases/gwas/summary_statistics/GCST90032001-GCST90033000/GCST90032292,35115689,"5,959 Finnish ancestry individuals"
GCST90032293,CAG-590 sp000431135 abundance in stool,5959 European,http://ftp.ebi.ac.uk/pub/databases/gwas/summary_statistics/GCST90032001-GCST90033000/GCST90032293,35115689,"5,959 Finnish ancestry individuals"
GCST90032294,CAG-632 abundance in stool,5959 European,http://ftp.ebi.ac.uk/pub/databases/gwas/summary_statistics/GCST90032001-GCST90033000/GCST90032294,35115689,"5,959 Finnish ancestry individuals"
GCST90032295,CAG-698 abundance in stool,5959 European,http://ftp.ebi.ac.uk/pub/databases/gwas/summary_statistics/GCST90032001-GCST90033000/GCST90032295,35115689,"5,959 Finnish ancestry individuals"
GCST90032296,CAG-776 sp000438195 abundance in stool,5959 European,http://ftp.ebi.ac.uk/pub/databases/gwas/summary_statistics/GCST90032001-GCST90033000/GCST90032296,35115689,"5,959 Finnish ancestry individuals"
GCST90032297,CAG-776 abundance in stool,5959 European,http://ftp.ebi.ac.uk/pub/databases/gwas/summary_statistics/GCST90032001-GCST90033000/GCST90032297,35115689,"5,959 Finnish ancestry individuals"
GCST90032298,CAG-81 sp000435795 abundance in stool,5959 European,http://ftp.ebi.ac.uk/pub/databases/gwas/summary_statistics/GCST90032001-GCST90033000/GCST90032298,35115689,"5,959 Finnish ancestry individuals"
GCST90032299,CAG-822 sp000432855 abundance in stool,5959 European,http://ftp.ebi.ac.uk/pub/databases/gwas/summary_statistics/GCST90032001-GCST90033000/GCST90032299,35115689,"5,959 Finnish ancestry individuals"
GCST90032300,CAG-822 abundance in stool,5959 European,http://ftp.ebi.ac.uk/pub/databases/gwas/summary_statistics/GCST90032001-GCST90033000/GCST90032300,35115689,"5,959 Finnish ancestry individuals"
GCST90032301,CAG-826 abundance in stool,5959 European,http://ftp.ebi.ac.uk/pub/databases/gwas/summary_statistics/GCST90032001-GCST90033000/GCST90032301,35115689,"5,959 Finnish ancestry individuals"
GCST90032302,CAG-83 sp000435555 abundance in stool,5959 European,http://ftp.ebi.ac.uk/pub/databases/gwas/summary_statistics/GCST90032001-GCST90033000/GCST90032302,35115689,"5,959 Finnish ancestry individuals"
GCST90032303,CAG-83 sp002392625 abundance in stool,5959 European,http://ftp.ebi.ac.uk/pub/databases/gwas/summary_statistics/GCST90032001-GCST90033000/GCST90032303,35115689,"5,959 Finnish ancestry individuals"
GCST90032304,CAG-841 sp002479075 abundance in stool,5959 European,http://ftp.ebi.ac.uk/pub/databases/gwas/summary_statistics/GCST90032001-GCST90033000/GCST90032304,35115689,"5,959 Finnish ancestry individuals"
GCST90032305,CAG-873 sp001701165 abundance in stool,5959 European,http://ftp.ebi.ac.uk/pub/databases/gwas/summary_statistics/GCST90032001-GCST90033000/GCST90032305,35115689,"5,959 Finnish ancestry individuals"
GCST90032306,CAG-877 sp000433455 abundance in stool,5959 European,http://ftp.ebi.ac.uk/pub/databases/gwas/summary_statistics/GCST90032001-GCST90033000/GCST90032306,35115689,"5,959 Finnish ancestry individuals"
GCST90032307,CAG-877 abundance in stool,5959 European,http://ftp.ebi.ac.uk/pub/databases/gwas/summary_statistics/GCST90032001-GCST90033000/GCST90032307,35115689,"5,959 Finnish ancestry individuals"
GCST90032308,CAG-882 sp003486385 abundance in stool,5959 European,http://ftp.ebi.ac.uk/pub/databases/gwas/summary_statistics/GCST90032001-GCST90033000/GCST90032308,35115689,"5,959 Finnish ancestry individuals"
GCST90032309,CAG-884 sp000433875 abundance in stool,5959 European,http://ftp.ebi.ac.uk/pub/databases/gwas/summary_statistics/GCST90032001-GCST90033000/GCST90032309,35115689,"5,959 Finnish ancestry individuals"
GCST90032310,CAG-884 abundance in stool,5959 European,http://ftp.ebi.ac.uk/pub/databases/gwas/summary_statistics/GCST90032001-GCST90033000/GCST90032310,35115689,"5,959 Finnish ancestry individuals"
GCST90032311,CAG-977 abundance in stool,5959 European,http://ftp.ebi.ac.uk/pub/databases/gwas/summary_statistics/GCST90032001-GCST90033000/GCST90032311,35115689,"5,959 Finnish ancestry individuals"
GCST90032312,Caloranaerobacteraceae abundance in stool,5959 European,http://ftp.ebi.ac.uk/pub/databases/gwas/summary_statistics/GCST90032001-GCST90033000/GCST90032312,35115689,"5,959 Finnish ancestry individuals"
GCST90032313,Caloranaerobacter abundance in stool,5959 European,http://ftp.ebi.ac.uk/pub/databases/gwas/summary_statistics/GCST90032001-GCST90033000/GCST90032313,35115689,"5,959 Finnish ancestry individuals"
GCST90032314,Campylobacter D abundance in stool,5959 European,http://ftp.ebi.ac.uk/pub/databases/gwas/summary_statistics/GCST90032001-GCST90033000/GCST90032314,35115689,"5,959 Finnish ancestry individuals"
GCST90032315,Cetobacterium A abundance in stool,5959 European,http://ftp.ebi.ac.uk/pub/databases/gwas/summary_statistics/GCST90032001-GCST90033000/GCST90032315,35115689,"5,959 Finnish ancestry individuals"
GCST90032316,CHKCI006 sp900018345 abundance in stool,5959 European,http://ftp.ebi.ac.uk/pub/databases/gwas/summary_statistics/GCST90032001-GCST90033000/GCST90032316,35115689,"5,959 Finnish ancestry individuals"
GCST90032317,Chloroflexales abundance in stool,5959 European,http://ftp.ebi.ac.uk/pub/databases/gwas/summary_statistics/GCST90032001-GCST90033000/GCST90032317,35115689,"5,959 Finnish ancestry individuals"
GCST90032318,Chromatiales abundance in stool,5959 European,http://ftp.ebi.ac.uk/pub/databases/gwas/summary_statistics/GCST90032001-GCST90033000/GCST90032318,35115689,"5,959 Finnish ancestry individuals"
GCST90032319,Chromobacteriaceae abundance in stool,5959 European,http://ftp.ebi.ac.uk/pub/databases/gwas/summary_statistics/GCST90032001-GCST90033000/GCST90032319,35115689,"5,959 Finnish ancestry individuals"
GCST90032320,Citrobacter A abundance in stool,5959 European,http://ftp.ebi.ac.uk/pub/databases/gwas/summary_statistics/GCST90032001-GCST90033000/GCST90032320,35115689,"5,959 Finnish ancestry individuals"
GCST90032321,Clostridia abundance in stool,5959 European,http://ftp.ebi.ac.uk/pub/databases/gwas/summary_statistics/GCST90032001-GCST90033000/GCST90032321,35115689,"5,959 Finnish ancestry individuals"
GCST90032322,Clostridium E sporosphaeroides abundance in stool,5959 European,http://ftp.ebi.ac.uk/pub/databases/gwas/summary_statistics/GCST90032001-GCST90033000/GCST90032322,35115689,"5,959 Finnish ancestry individuals"
GCST90032323,Clostridium I abundance in stool,5959 European,http://ftp.ebi.ac.uk/pub/databases/gwas/summary_statistics/GCST90032001-GCST90033000/GCST90032323,35115689,"5,959 Finnish ancestry individuals"
GCST90032324,Clostridium M clostridioforme abundance in stool,5959 European,http://ftp.ebi.ac.uk/pub/databases/gwas/summary_statistics/GCST90032001-GCST90033000/GCST90032324,35115689,"5,959 Finnish ancestry individuals"
GCST90032325,Clostridium M sp001304855 abundance in stool,5959 European,http://ftp.ebi.ac.uk/pub/databases/gwas/summary_statistics/GCST90032001-GCST90033000/GCST90032325,35115689,"5,959 Finnish ancestry individuals"
GCST90032326,Clostridium P abundance in stool,5959 European,http://ftp.ebi.ac.uk/pub/databases/gwas/summary_statistics/GCST90032001-GCST90033000/GCST90032326,35115689,"5,959 Finnish ancestry individuals"
GCST90032327,Clostridium saudiense abundance in stool,5959 European,http://ftp.ebi.ac.uk/pub/databases/gwas/summary_statistics/GCST90032001-GCST90033000/GCST90032327,35115689,"5,959 Finnish ancestry individuals"
GCST90032328,Clostridium S felsineum abundance in stool,5959 European,http://ftp.ebi.ac.uk/pub/databases/gwas/summary_statistics/GCST90032001-GCST90033000/GCST90032328,35115689,"5,959 Finnish ancestry individuals"
GCST90032329,Clostridium tertium abundance in stool,5959 European,http://ftp.ebi.ac.uk/pub/databases/gwas/summary_statistics/GCST90032001-GCST90033000/GCST90032329,35115689,"5,959 Finnish ancestry individuals"
GCST90032330,Collinsella abundance in stool,5959 European,http://ftp.ebi.ac.uk/pub/databases/gwas/summary_statistics/GCST90032001-GCST90033000/GCST90032330,35115689,"5,959 Finnish ancestry individuals"
GCST90032331,Comamonas B abundance in stool,5959 European,http://ftp.ebi.ac.uk/pub/databases/gwas/summary_statistics/GCST90032001-GCST90033000/GCST90032331,35115689,"5,959 Finnish ancestry individuals"
GCST90032332,Comamonas abundance in stool,5959 European,http://ftp.ebi.ac.uk/pub/databases/gwas/summary_statistics/GCST90032001-GCST90033000/GCST90032332,35115689,"5,959 Finnish ancestry individuals"
GCST90032333,Coprobacillus cateniformis abundance in stool,5959 European,http://ftp.ebi.ac.uk/pub/databases/gwas/summary_statistics/GCST90032001-GCST90033000/GCST90032333,35115689,"5,959 Finnish ancestry individuals"
GCST90032334,Coprobacillus abundance in stool,5959 European,http://ftp.ebi.ac.uk/pub/databases/gwas/summary_statistics/GCST90032001-GCST90033000/GCST90032334,35115689,"5,959 Finnish ancestry individuals"
GCST90032335,Coprobacter secundus abundance in stool,5959 European,http://ftp.ebi.ac.uk/pub/databases/gwas/summary_statistics/GCST90032001-GCST90033000/GCST90032335,35115689,"5,959 Finnish ancestry individuals"
GCST90032336,Corynebacterium abundance in stool,5959 European,http://ftp.ebi.ac.uk/pub/databases/gwas/summary_statistics/GCST90032001-GCST90033000/GCST90032336,35115689,"5,959 Finnish ancestry individuals"
GCST90032337,Cyanobacteria abundance in stool,5959 European,http://ftp.ebi.ac.uk/pub/databases/gwas/summary_statistics/GCST90032001-GCST90033000/GCST90032337,35115689,"5,959 Finnish ancestry individuals"
GCST90032338,Demequinaceae abundance in stool,5959 European,http://ftp.ebi.ac.uk/pub/databases/gwas/summary_statistics/GCST90032001-GCST90033000/GCST90032338,35115689,"5,959 Finnish ancestry individuals"
GCST90032339,Demequina abundance in stool,5959 European,http://ftp.ebi.ac.uk/pub/databases/gwas/summary_statistics/GCST90032001-GCST90033000/GCST90032339,35115689,"5,959 Finnish ancestry individuals"
GCST90032340,Desulfobacterota A abundance in stool,5959 European,http://ftp.ebi.ac.uk/pub/databases/gwas/summary_statistics/GCST90032001-GCST90033000/GCST90032340,35115689,"5,959 Finnish ancestry individuals"
GCST90032341,Desulfovibrionaceae abundance in stool,5959 European,http://ftp.ebi.ac.uk/pub/databases/gwas/summary_statistics/GCST90032001-GCST90033000/GCST90032341,35115689,"5,959 Finnish ancestry individuals"
GCST90032342,Desulfovibrionales abundance in stool,5959 European,http://ftp.ebi.ac.uk/pub/databases/gwas/summary_statistics/GCST90032001-GCST90033000/GCST90032342,35115689,"5,959 Finnish ancestry individuals"
GCST90032343,Desulfovibrionia abundance in stool,5959 European,http://ftp.ebi.ac.uk/pub/databases/gwas/summary_statistics/GCST90032001-GCST90033000/GCST90032343,35115689,"5,959 Finnish ancestry individuals"
GCST90032344,Desulfovibrio piger abundance in stool,5959 European,http://ftp.ebi.ac.uk/pub/databases/gwas/summary_statistics/GCST90032001-GCST90033000/GCST90032344,35115689,"5,959 Finnish ancestry individuals"
GCST90032345,Dialister sp000434475 abundance in stool,5959 European,http://ftp.ebi.ac.uk/pub/databases/gwas/summary_statistics/GCST90032001-GCST90033000/GCST90032345,35115689,"5,959 Finnish ancestry individuals"
GCST90032346,Dokdonella abundance in stool,5959 European,http://ftp.ebi.ac.uk/pub/databases/gwas/summary_statistics/GCST90032001-GCST90033000/GCST90032346,35115689,"5,959 Finnish ancestry individuals"
GCST90032347,Dorea phocaeense abundance in stool,5959 European,http://ftp.ebi.ac.uk/pub/databases/gwas/summary_statistics/GCST90032001-GCST90033000/GCST90032347,35115689,"5,959 Finnish ancestry individuals"
GCST90032348,Dorea abundance in stool,5959 European,http://ftp.ebi.ac.uk/pub/databases/gwas/summary_statistics/GCST90032001-GCST90033000/GCST90032348,35115689,"5,959 Finnish ancestry individuals"
GCST90032349,DTU024 sp002411105 abundance in stool,5959 European,http://ftp.ebi.ac.uk/pub/databases/gwas/summary_statistics/GCST90032001-GCST90033000/GCST90032349,35115689,"5,959 Finnish ancestry individuals"
GCST90032350,Dysgonomonadaceae abundance in stool,5959 European,http://ftp.ebi.ac.uk/pub/databases/gwas/summary_statistics/GCST90032001-GCST90033000/GCST90032350,35115689,"5,959 Finnish ancestry individuals"
GCST90032351,Eisenbergiella sp900066775 abundance in stool,5959 European,http://ftp.ebi.ac.uk/pub/databases/gwas/summary_statistics/GCST90032001-GCST90033000/GCST90032351,35115689,"5,959 Finnish ancestry individuals"
GCST90032352,Elusimicrobiaceae abundance in stool,5959 European,http://ftp.ebi.ac.uk/pub/databases/gwas/summary_statistics/GCST90032001-GCST90033000/GCST90032352,35115689,"5,959 Finnish ancestry individuals"
GCST90032353,Elusimicrobia abundance in stool,5959 European,http://ftp.ebi.ac.uk/pub/databases/gwas/summary_statistics/GCST90032001-GCST90033000/GCST90032353,35115689,"5,959 Finnish ancestry individuals"
GCST90032354,Elusimicrobiota abundance in stool,5959 European,http://ftp.ebi.ac.uk/pub/databases/gwas/summary_statistics/GCST90032001-GCST90033000/GCST90032354,35115689,"5,959 Finnish ancestry individuals"
GCST90032355,Emergencia abundance in stool,5959 European,http://ftp.ebi.ac.uk/pub/databases/gwas/summary_statistics/GCST90032001-GCST90033000/GCST90032355,35115689,"5,959 Finnish ancestry individuals"
GCST90032356,Endozoicomonadaceae abundance in stool,5959 European,http://ftp.ebi.ac.uk/pub/databases/gwas/summary_statistics/GCST90032001-GCST90033000/GCST90032356,35115689,"5,959 Finnish ancestry individuals"
GCST90032357,Enorma massiliensis abundance in stool,5959 European,http://ftp.ebi.ac.uk/pub/databases/gwas/summary_statistics/GCST90032001-GCST90033000/GCST90032357,35115689,"5,959 Finnish ancestry individuals"
GCST90032358,Ensifer abundance in stool,5959 European,http://ftp.ebi.ac.uk/pub/databases/gwas/summary_statistics/GCST90032001-GCST90033000/GCST90032358,35115689,"5,959 Finnish ancestry individuals"
GCST90032359,Enterobacteriaceae abundance in stool,5959 European,http://ftp.ebi.ac.uk/pub/databases/gwas/summary_statistics/GCST90032001-GCST90033000/GCST90032359,35115689,"5,959 Finnish ancestry individuals"
GCST90032360,Enterococcaceae abundance in stool,5959 European,http://ftp.ebi.ac.uk/pub/databases/gwas/summary_statistics/GCST90032001-GCST90033000/GCST90032360,35115689,"5,959 Finnish ancestry individuals"
GCST90032361,Enterococcus A abundance in stool,5959 European,http://ftp.ebi.ac.uk/pub/databases/gwas/summary_statistics/GCST90032001-GCST90033000/GCST90032361,35115689,"5,959 Finnish ancestry individuals"
GCST90032362,Enterococcus B abundance in stool,5959 European,http://ftp.ebi.ac.uk/pub/databases/gwas/summary_statistics/GCST90032001-GCST90033000/GCST90032362,35115689,"5,959 Finnish ancestry individuals"
GCST90032363,Enterococcus faecalis abundance in stool,5959 European,http://ftp.ebi.ac.uk/pub/databases/gwas/summary_statistics/GCST90032001-GCST90033000/GCST90032363,35115689,"5,959 Finnish ancestry individuals"
GCST90032364,Enterococcus abundance in stool,5959 European,http://ftp.ebi.ac.uk/pub/databases/gwas/summary_statistics/GCST90032001-GCST90033000/GCST90032364,35115689,"5,959 Finnish ancestry individuals"
GCST90032365,Enteroscipio abundance in stool,5959 European,http://ftp.ebi.ac.uk/pub/databases/gwas/summary_statistics/GCST90032001-GCST90033000/GCST90032365,35115689,"5,959 Finnish ancestry individuals"
GCST90032366,ER4 sp002437735 abundance in stool,5959 European,http://ftp.ebi.ac.uk/pub/databases/gwas/summary_statistics/GCST90032001-GCST90033000/GCST90032366,35115689,"5,959 Finnish ancestry individuals"
GCST90032367,Eremiobacterota abundance in stool,5959 European,http://ftp.ebi.ac.uk/pub/databases/gwas/summary_statistics/GCST90032001-GCST90033000/GCST90032367,35115689,"5,959 Finnish ancestry individuals"
GCST90032368,Erysipelatoclostridiaceae abundance in stool,5959 European,http://ftp.ebi.ac.uk/pub/databases/gwas/summary_statistics/GCST90032001-GCST90033000/GCST90032368,35115689,"5,959 Finnish ancestry individuals"
GCST90032369,Escherichia flexneri abundance in stool,5959 European,http://ftp.ebi.ac.uk/pub/databases/gwas/summary_statistics/GCST90032001-GCST90033000/GCST90032369,35115689,"5,959 Finnish ancestry individuals"
GCST90032370,Escherichia abundance in stool,5959 European,http://ftp.ebi.ac.uk/pub/databases/gwas/summary_statistics/GCST90032001-GCST90033000/GCST90032370,35115689,"5,959 Finnish ancestry individuals"
GCST90032371,Eubacterium callanderi abundance in stool,5959 European,http://ftp.ebi.ac.uk/pub/databases/gwas/summary_statistics/GCST90032001-GCST90033000/GCST90032371,35115689,"5,959 Finnish ancestry individuals"
GCST90032372,Eubacterium F sp000434115 abundance in stool,5959 European,http://ftp.ebi.ac.uk/pub/databases/gwas/summary_statistics/GCST90032001-GCST90033000/GCST90032372,35115689,"5,959 Finnish ancestry individuals"
GCST90032373,Eubacterium I ramulus A abundance in stool,5959 European,http://ftp.ebi.ac.uk/pub/databases/gwas/summary_statistics/GCST90032001-GCST90033000/GCST90032373,35115689,"5,959 Finnish ancestry individuals"
GCST90032374,Eubacterium Q abundance in stool,5959 European,http://ftp.ebi.ac.uk/pub/databases/gwas/summary_statistics/GCST90032001-GCST90033000/GCST90032374,35115689,"5,959 Finnish ancestry individuals"
GCST90032375,Eubacterium R coprostanoligenes abundance in stool,5959 European,http://ftp.ebi.ac.uk/pub/databases/gwas/summary_statistics/GCST90032001-GCST90033000/GCST90032375,35115689,"5,959 Finnish ancestry individuals"
GCST90032376,Eubacterium R sp000431535 abundance in stool,5959 European,http://ftp.ebi.ac.uk/pub/databases/gwas/summary_statistics/GCST90032001-GCST90033000/GCST90032376,35115689,"5,959 Finnish ancestry individuals"
GCST90032377,Ezakiellaceae abundance in stool,5959 European,http://ftp.ebi.ac.uk/pub/databases/gwas/summary_statistics/GCST90032001-GCST90033000/GCST90032377,35115689,"5,959 Finnish ancestry individuals"
GCST90032378,F0428 abundance in stool,5959 European,http://ftp.ebi.ac.uk/pub/databases/gwas/summary_statistics/GCST90032001-GCST90033000/GCST90032378,35115689,"5,959 Finnish ancestry individuals"
GCST90032379,Faecalibacterium prausnitzii E abundance in stool,5959 European,http://ftp.ebi.ac.uk/pub/databases/gwas/summary_statistics/GCST90032001-GCST90033000/GCST90032379,35115689,"5,959 Finnish ancestry individuals"
GCST90032380,Faecalibacterium sp002160895 abundance in stool,5959 European,http://ftp.ebi.ac.uk/pub/databases/gwas/summary_statistics/GCST90032001-GCST90033000/GCST90032380,35115689,"5,959 Finnish ancestry individuals"
GCST90032381,Faecalicatena glycyrrhizinilyticum abundance in stool,5959 European,http://ftp.ebi.ac.uk/pub/databases/gwas/summary_statistics/GCST90032001-GCST90033000/GCST90032381,35115689,"5,959 Finnish ancestry individuals"
GCST90032382,Faecalicatena lactaris abundance in stool,5959 European,http://ftp.ebi.ac.uk/pub/databases/gwas/summary_statistics/GCST90032001-GCST90033000/GCST90032382,35115689,"5,959 Finnish ancestry individuals"
GCST90032383,Faecalicatena sp000364245 abundance in stool,5959 European,http://ftp.ebi.ac.uk/pub/databases/gwas/summary_statistics/GCST90032001-GCST90033000/GCST90032383,35115689,"5,959 Finnish ancestry individuals"
GCST90032384,Faecalicatena sp001517425 abundance in stool,5959 European,http://ftp.ebi.ac.uk/pub/databases/gwas/summary_statistics/GCST90032001-GCST90033000/GCST90032384,35115689,"5,959 Finnish ancestry individuals"
GCST90032385,Faecalicatena sp002161355 abundance in stool,5959 European,http://ftp.ebi.ac.uk/pub/databases/gwas/summary_statistics/GCST90032001-GCST90033000/GCST90032385,35115689,"5,959 Finnish ancestry individuals"
GCST90032386,Faecalicatena sp002397985 abundance in stool,5959 European,http://ftp.ebi.ac.uk/pub/databases/gwas/summary_statistics/GCST90032001-GCST90033000/GCST90032386,35115689,"5,959 Finnish ancestry individuals"
GCST90032387,Faecalicatena torques abundance in stool,5959 European,http://ftp.ebi.ac.uk/pub/databases/gwas/summary_statistics/GCST90032001-GCST90033000/GCST90032387,35115689,"5,959 Finnish ancestry individuals"
GCST90032388,Faecalicoccus pleomorphus abundance in stool,5959 European,http://ftp.ebi.ac.uk/pub/databases/gwas/summary_statistics/GCST90032001-GCST90033000/GCST90032388,35115689,"5,959 Finnish ancestry individuals"
GCST90032389,Faecalicoccus abundance in stool,5959 European,http://ftp.ebi.ac.uk/pub/databases/gwas/summary_statistics/GCST90032001-GCST90033000/GCST90032389,35115689,"5,959 Finnish ancestry individuals"
GCST90032390,Faecalitalea cylindroides abundance in stool,5959 European,http://ftp.ebi.ac.uk/pub/databases/gwas/summary_statistics/GCST90032001-GCST90033000/GCST90032390,35115689,"5,959 Finnish ancestry individuals"
GCST90032391,Fervidobacteriaceae abundance in stool,5959 European,http://ftp.ebi.ac.uk/pub/databases/gwas/summary_statistics/GCST90032001-GCST90033000/GCST90032391,35115689,"5,959 Finnish ancestry individuals"
GCST90032392,Fibrobacteraceae abundance in stool,5959 European,http://ftp.ebi.ac.uk/pub/databases/gwas/summary_statistics/GCST90032001-GCST90033000/GCST90032392,35115689,"5,959 Finnish ancestry individuals"
GCST90032393,Fibrobacterales abundance in stool,5959 European,http://ftp.ebi.ac.uk/pub/databases/gwas/summary_statistics/GCST90032001-GCST90033000/GCST90032393,35115689,"5,959 Finnish ancestry individuals"
GCST90032394,Fibrobacteria abundance in stool,5959 European,http://ftp.ebi.ac.uk/pub/databases/gwas/summary_statistics/GCST90032001-GCST90033000/GCST90032394,35115689,"5,959 Finnish ancestry individuals"
GCST90032395,Fimbriimonadia abundance in stool,5959 European,http://ftp.ebi.ac.uk/pub/databases/gwas/summary_statistics/GCST90032001-GCST90033000/GCST90032395,35115689,"5,959 Finnish ancestry individuals"
GCST90032396,Firmicutes A abundance in stool,5959 European,http://ftp.ebi.ac.uk/pub/databases/gwas/summary_statistics/GCST90032001-GCST90033000/GCST90032396,35115689,"5,959 Finnish ancestry individuals"
GCST90032397,Firmicutes E abundance in stool,5959 European,http://ftp.ebi.ac.uk/pub/databases/gwas/summary_statistics/GCST90032001-GCST90033000/GCST90032397,35115689,"5,959 Finnish ancestry individuals"
GCST90032398,Firmicutes I abundance in stool,5959 European,http://ftp.ebi.ac.uk/pub/databases/gwas/summary_statistics/GCST90032001-GCST90033000/GCST90032398,35115689,"5,959 Finnish ancestry individuals"
GCST90032399,Flavobacteriales abundance in stool,5959 European,http://ftp.ebi.ac.uk/pub/databases/gwas/summary_statistics/GCST90032001-GCST90033000/GCST90032399,35115689,"5,959 Finnish ancestry individuals"
GCST90032400,Flavonifractor sp002159265 abundance in stool,5959 European,http://ftp.ebi.ac.uk/pub/databases/gwas/summary_statistics/GCST90032001-GCST90033000/GCST90032400,35115689,"5,959 Finnish ancestry individuals"
GCST90032401,Flavonifractor sp900199495 abundance in stool,5959 European,http://ftp.ebi.ac.uk/pub/databases/gwas/summary_statistics/GCST90032001-GCST90033000/GCST90032401,35115689,"5,959 Finnish ancestry individuals"
GCST90032402,Fournierella massiliensis abundance in stool,5959 European,http://ftp.ebi.ac.uk/pub/databases/gwas/summary_statistics/GCST90032001-GCST90033000/GCST90032402,35115689,"5,959 Finnish ancestry individuals"
GCST90032403,Francisellaceae abundance in stool,5959 European,http://ftp.ebi.ac.uk/pub/databases/gwas/summary_statistics/GCST90032001-GCST90033000/GCST90032403,35115689,"5,959 Finnish ancestry individuals"
GCST90032404,Francisellales abundance in stool,5959 European,http://ftp.ebi.ac.uk/pub/databases/gwas/summary_statistics/GCST90032001-GCST90033000/GCST90032404,35115689,"5,959 Finnish ancestry individuals"
GCST90032405,Fusobacteriaceae abundance in stool,5959 European,http://ftp.ebi.ac.uk/pub/databases/gwas/summary_statistics/GCST90032001-GCST90033000/GCST90032405,35115689,"5,959 Finnish ancestry individuals"
GCST90032406,Fusobacterium A abundance in stool,5959 European,http://ftp.ebi.ac.uk/pub/databases/gwas/summary_statistics/GCST90032001-GCST90033000/GCST90032406,35115689,"5,959 Finnish ancestry individuals"
GCST90032407,GCA-900066135 sp900066135 abundance in stool,5959 European,http://ftp.ebi.ac.uk/pub/databases/gwas/summary_statistics/GCST90032001-GCST90033000/GCST90032407,35115689,"5,959 Finnish ancestry individuals"
GCST90032408,GCA-900066495 sp900066495 abundance in stool,5959 European,http://ftp.ebi.ac.uk/pub/databases/gwas/summary_statistics/GCST90032001-GCST90033000/GCST90032408,35115689,"5,959 Finnish ancestry individuals"
GCST90032409,GCA-900066495 abundance in stool,5959 European,http://ftp.ebi.ac.uk/pub/databases/gwas/summary_statistics/GCST90032001-GCST90033000/GCST90032409,35115689,"5,959 Finnish ancestry individuals"
GCST90032410,GCA-900066575 sp900066385 abundance in stool,5959 European,http://ftp.ebi.ac.uk/pub/databases/gwas/summary_statistics/GCST90032001-GCST90033000/GCST90032410,35115689,"5,959 Finnish ancestry individuals"
GCST90032411,GCA-900066755 sp900066755 abundance in stool,5959 European,http://ftp.ebi.ac.uk/pub/databases/gwas/summary_statistics/GCST90032001-GCST90033000/GCST90032411,35115689,"5,959 Finnish ancestry individuals"
GCST90032412,GCA-900066755 abundance in stool,5959 European,http://ftp.ebi.ac.uk/pub/databases/gwas/summary_statistics/GCST90032001-GCST90033000/GCST90032412,35115689,"5,959 Finnish ancestry individuals"
GCST90032413,GCA-900199385 sp900320755 abundance in stool,5959 European,http://ftp.ebi.ac.uk/pub/databases/gwas/summary_statistics/GCST90032001-GCST90033000/GCST90032413,35115689,"5,959 Finnish ancestry individuals"
GCST90032414,Geminocystis abundance in stool,5959 European,http://ftp.ebi.ac.uk/pub/databases/gwas/summary_statistics/GCST90032001-GCST90033000/GCST90032414,35115689,"5,959 Finnish ancestry individuals"
GCST90032415,Gemmatimonadaceae abundance in stool,5959 European,http://ftp.ebi.ac.uk/pub/databases/gwas/summary_statistics/GCST90032001-GCST90033000/GCST90032415,35115689,"5,959 Finnish ancestry individuals"
GCST90032416,Geobacteraceae abundance in stool,5959 European,http://ftp.ebi.ac.uk/pub/databases/gwas/summary_statistics/GCST90032001-GCST90033000/GCST90032416,35115689,"5,959 Finnish ancestry individuals"
GCST90032417,Geobacter C abundance in stool,5959 European,http://ftp.ebi.ac.uk/pub/databases/gwas/summary_statistics/GCST90032001-GCST90033000/GCST90032417,35115689,"5,959 Finnish ancestry individuals"
GCST90032418,Gillisia abundance in stool,5959 European,http://ftp.ebi.ac.uk/pub/databases/gwas/summary_statistics/GCST90032001-GCST90033000/GCST90032418,35115689,"5,959 Finnish ancestry individuals"
GCST90032419,Gluconobacter abundance in stool,5959 European,http://ftp.ebi.ac.uk/pub/databases/gwas/summary_statistics/GCST90032001-GCST90033000/GCST90032419,35115689,"5,959 Finnish ancestry individuals"
GCST90032420,Gordonibacter pamelaeae abundance in stool,5959 European,http://ftp.ebi.ac.uk/pub/databases/gwas/summary_statistics/GCST90032001-GCST90033000/GCST90032420,35115689,"5,959 Finnish ancestry individuals"
GCST90032421,Gordonibacter abundance in stool,5959 European,http://ftp.ebi.ac.uk/pub/databases/gwas/summary_statistics/GCST90032001-GCST90033000/GCST90032421,35115689,"5,959 Finnish ancestry individuals"
GCST90032422,Gramella abundance in stool,5959 European,http://ftp.ebi.ac.uk/pub/databases/gwas/summary_statistics/GCST90032001-GCST90033000/GCST90032422,35115689,"5,959 Finnish ancestry individuals"
GCST90032423,Haemophilus D sp001679485 abundance in stool,5959 European,http://ftp.ebi.ac.uk/pub/databases/gwas/summary_statistics/GCST90032001-GCST90033000/GCST90032423,35115689,"5,959 Finnish ancestry individuals"
GCST90032424,Halarcobacter abundance in stool,5959 European,http://ftp.ebi.ac.uk/pub/databases/gwas/summary_statistics/GCST90032001-GCST90033000/GCST90032424,35115689,"5,959 Finnish ancestry individuals"
GCST90032425,Halomonadaceae abundance in stool,5959 European,http://ftp.ebi.ac.uk/pub/databases/gwas/summary_statistics/GCST90032001-GCST90033000/GCST90032425,35115689,"5,959 Finnish ancestry individuals"
GCST90032426,Haloplasmatales abundance in stool,5959 European,http://ftp.ebi.ac.uk/pub/databases/gwas/summary_statistics/GCST90032001-GCST90033000/GCST90032426,35115689,"5,959 Finnish ancestry individuals"
GCST90032427,Helicobacter abundance in stool,5959 European,http://ftp.ebi.ac.uk/pub/databases/gwas/summary_statistics/GCST90032001-GCST90033000/GCST90032427,35115689,"5,959 Finnish ancestry individuals"
GCST90032428,Herbidospora abundance in stool,5959 European,http://ftp.ebi.ac.uk/pub/databases/gwas/summary_statistics/GCST90032001-GCST90033000/GCST90032428,35115689,"5,959 Finnish ancestry individuals"
GCST90032429,Herbinix abundance in stool,5959 European,http://ftp.ebi.ac.uk/pub/databases/gwas/summary_statistics/GCST90032001-GCST90033000/GCST90032429,35115689,"5,959 Finnish ancestry individuals"
GCST90032430,Holdemania massiliensis abundance in stool,5959 European,http://ftp.ebi.ac.uk/pub/databases/gwas/summary_statistics/GCST90032001-GCST90033000/GCST90032430,35115689,"5,959 Finnish ancestry individuals"
GCST90032431,Holdemania sp900120005 abundance in stool,5959 European,http://ftp.ebi.ac.uk/pub/databases/gwas/summary_statistics/GCST90032001-GCST90033000/GCST90032431,35115689,"5,959 Finnish ancestry individuals"
GCST90032432,Holdemania abundance in stool,5959 European,http://ftp.ebi.ac.uk/pub/databases/gwas/summary_statistics/GCST90032001-GCST90033000/GCST90032432,35115689,"5,959 Finnish ancestry individuals"
GCST90032433,Hungatella sp900155545 abundance in stool,5959 European,http://ftp.ebi.ac.uk/pub/databases/gwas/summary_statistics/GCST90032001-GCST90033000/GCST90032433,35115689,"5,959 Finnish ancestry individuals"
GCST90032434,Hydrogenophaga abundance in stool,5959 European,http://ftp.ebi.ac.uk/pub/databases/gwas/summary_statistics/GCST90032001-GCST90033000/GCST90032434,35115689,"5,959 Finnish ancestry individuals"
GCST90032435,Hyphomonas abundance in stool,5959 European,http://ftp.ebi.ac.uk/pub/databases/gwas/summary_statistics/GCST90032001-GCST90033000/GCST90032435,35115689,"5,959 Finnish ancestry individuals"
GCST90032436,Intestinimonas massiliensis abundance in stool,5959 European,http://ftp.ebi.ac.uk/pub/databases/gwas/summary_statistics/GCST90032001-GCST90033000/GCST90032436,35115689,"5,959 Finnish ancestry individuals"
GCST90032437,Jiangellaceae abundance in stool,5959 European,http://ftp.ebi.ac.uk/pub/databases/gwas/summary_statistics/GCST90032001-GCST90033000/GCST90032437,35115689,"5,959 Finnish ancestry individuals"
GCST90032438,Johnsonella ignava abundance in stool,5959 European,http://ftp.ebi.ac.uk/pub/databases/gwas/summary_statistics/GCST90032001-GCST90033000/GCST90032438,35115689,"5,959 Finnish ancestry individuals"
GCST90032439,K10 sp001941205 abundance in stool,5959 European,http://ftp.ebi.ac.uk/pub/databases/gwas/summary_statistics/GCST90032001-GCST90033000/GCST90032439,35115689,"5,959 Finnish ancestry individuals"
GCST90032440,K10 abundance in stool,5959 European,http://ftp.ebi.ac.uk/pub/databases/gwas/summary_statistics/GCST90032001-GCST90033000/GCST90032440,35115689,"5,959 Finnish ancestry individuals"
GCST90032441,Kandleria vitulina abundance in stool,5959 European,http://ftp.ebi.ac.uk/pub/databases/gwas/summary_statistics/GCST90032001-GCST90033000/GCST90032441,35115689,"5,959 Finnish ancestry individuals"
GCST90032442,Kineothrix abundance in stool,5959 European,http://ftp.ebi.ac.uk/pub/databases/gwas/summary_statistics/GCST90032001-GCST90033000/GCST90032442,35115689,"5,959 Finnish ancestry individuals"
GCST90032443,KLE1615 sp900066985 abundance in stool,5959 European,http://ftp.ebi.ac.uk/pub/databases/gwas/summary_statistics/GCST90032001-GCST90033000/GCST90032443,35115689,"5,959 Finnish ancestry individuals"
GCST90032444,KLE1615 abundance in stool,5959 European,http://ftp.ebi.ac.uk/pub/databases/gwas/summary_statistics/GCST90032001-GCST90033000/GCST90032444,35115689,"5,959 Finnish ancestry individuals"
GCST90032445,Klebsiella A abundance in stool,5959 European,http://ftp.ebi.ac.uk/pub/databases/gwas/summary_statistics/GCST90032001-GCST90033000/GCST90032445,35115689,"5,959 Finnish ancestry individuals"
GCST90032446,Klebsiella pneumoniae abundance in stool,5959 European,http://ftp.ebi.ac.uk/pub/databases/gwas/summary_statistics/GCST90032001-GCST90033000/GCST90032446,35115689,"5,959 Finnish ancestry individuals"
GCST90032447,Klebsiella abundance in stool,5959 European,http://ftp.ebi.ac.uk/pub/databases/gwas/summary_statistics/GCST90032001-GCST90033000/GCST90032447,35115689,"5,959 Finnish ancestry individuals"
GCST90032448,koll11 abundance in stool,5959 European,http://ftp.ebi.ac.uk/pub/databases/gwas/summary_statistics/GCST90032001-GCST90033000/GCST90032448,35115689,"5,959 Finnish ancestry individuals"
GCST90032449,Lachnoanaerobaculum saburreum abundance in stool,5959 European,http://ftp.ebi.ac.uk/pub/databases/gwas/summary_statistics/GCST90032001-GCST90033000/GCST90032449,35115689,"5,959 Finnish ancestry individuals"
GCST90032450,Lachnospiraceae abundance in stool,5959 European,http://ftp.ebi.ac.uk/pub/databases/gwas/summary_statistics/GCST90032001-GCST90033000/GCST90032450,35115689,"5,959 Finnish ancestry individuals"
GCST90032451,Lachnospirales abundance in stool,5959 European,http://ftp.ebi.ac.uk/pub/databases/gwas/summary_statistics/GCST90032001-GCST90033000/GCST90032451,35115689,"5,959 Finnish ancestry individuals"
GCST90032452,Lachnospira rogosae abundance in stool,5959 European,http://ftp.ebi.ac.uk/pub/databases/gwas/summary_statistics/GCST90032001-GCST90033000/GCST90032452,35115689,"5,959 Finnish ancestry individuals"
GCST90032453,Lachnospira sp000437735 abundance in stool,5959 European,http://ftp.ebi.ac.uk/pub/databases/gwas/summary_statistics/GCST90032001-GCST90033000/GCST90032453,35115689,"5,959 Finnish ancestry individuals"
GCST90032454,Lactobacillus B ruminis abundance in stool,5959 European,http://ftp.ebi.ac.uk/pub/databases/gwas/summary_statistics/GCST90032001-GCST90033000/GCST90032454,35115689,"5,959 Finnish ancestry individuals"
GCST90032455,Lactobacillus B salivarius abundance in stool,5959 European,http://ftp.ebi.ac.uk/pub/databases/gwas/summary_statistics/GCST90032001-GCST90033000/GCST90032455,35115689,"5,959 Finnish ancestry individuals"
GCST90032456,Lactobacillus B abundance in stool,5959 European,http://ftp.ebi.ac.uk/pub/databases/gwas/summary_statistics/GCST90032001-GCST90033000/GCST90032456,35115689,"5,959 Finnish ancestry individuals"
GCST90032457,Lactococcus lactis abundance in stool,5959 European,http://ftp.ebi.ac.uk/pub/databases/gwas/summary_statistics/GCST90032001-GCST90033000/GCST90032457,35115689,"5,959 Finnish ancestry individuals"
GCST90032458,Lawsonibacter sp000492175 abundance in stool,5959 European,http://ftp.ebi.ac.uk/pub/databases/gwas/summary_statistics/GCST90032001-GCST90033000/GCST90032458,35115689,"5,959 Finnish ancestry individuals"
GCST90032459,Lawsonibacter sp002161175 abundance in stool,5959 European,http://ftp.ebi.ac.uk/pub/databases/gwas/summary_statistics/GCST90032001-GCST90033000/GCST90032459,35115689,"5,959 Finnish ancestry individuals"
GCST90032460,Lawsonibacter sp900066645 abundance in stool,5959 European,http://ftp.ebi.ac.uk/pub/databases/gwas/summary_statistics/GCST90032001-GCST90033000/GCST90032460,35115689,"5,959 Finnish ancestry individuals"
GCST90032461,Leclercia abundance in stool,5959 European,http://ftp.ebi.ac.uk/pub/databases/gwas/summary_statistics/GCST90032001-GCST90033000/GCST90032461,35115689,"5,959 Finnish ancestry individuals"
GCST90032462,Lentimicrobiaceae abundance in stool,5959 European,http://ftp.ebi.ac.uk/pub/databases/gwas/summary_statistics/GCST90032001-GCST90033000/GCST90032462,35115689,"5,959 Finnish ancestry individuals"
GCST90032463,Leptospirae abundance in stool,5959 European,http://ftp.ebi.ac.uk/pub/databases/gwas/summary_statistics/GCST90032001-GCST90033000/GCST90032463,35115689,"5,959 Finnish ancestry individuals"
GCST90032464,Leptospirales abundance in stool,5959 European,http://ftp.ebi.ac.uk/pub/databases/gwas/summary_statistics/GCST90032001-GCST90033000/GCST90032464,35115689,"5,959 Finnish ancestry individuals"
GCST90032465,Leuconostoc mesenteroides abundance in stool,5959 European,http://ftp.ebi.ac.uk/pub/databases/gwas/summary_statistics/GCST90032001-GCST90033000/GCST90032465,35115689,"5,959 Finnish ancestry individuals"
GCST90032466,Leuconostoc abundance in stool,5959 European,http://ftp.ebi.ac.uk/pub/databases/gwas/summary_statistics/GCST90032001-GCST90033000/GCST90032466,35115689,"5,959 Finnish ancestry individuals"
GCST90032467,Magnetospirillum A abundance in stool,5959 European,http://ftp.ebi.ac.uk/pub/databases/gwas/summary_statistics/GCST90032001-GCST90033000/GCST90032467,35115689,"5,959 Finnish ancestry individuals"
GCST90032468,Marinilabiliaceae abundance in stool,5959 European,http://ftp.ebi.ac.uk/pub/databases/gwas/summary_statistics/GCST90032001-GCST90033000/GCST90032468,35115689,"5,959 Finnish ancestry individuals"
GCST90032469,Massiliomicrobiota sp002160815 abundance in stool,5959 European,http://ftp.ebi.ac.uk/pub/databases/gwas/summary_statistics/GCST90032001-GCST90033000/GCST90032469,35115689,"5,959 Finnish ancestry individuals"
GCST90032470,Massiliomicrobiota abundance in stool,5959 European,http://ftp.ebi.ac.uk/pub/databases/gwas/summary_statistics/GCST90032001-GCST90033000/GCST90032470,35115689,"5,959 Finnish ancestry individuals"
GCST90032471,Megamonas funiformis abundance in stool,5959 European,http://ftp.ebi.ac.uk/pub/databases/gwas/summary_statistics/GCST90032001-GCST90033000/GCST90032471,35115689,"5,959 Finnish ancestry individuals"
GCST90032472,Megamonas abundance in stool,5959 European,http://ftp.ebi.ac.uk/pub/databases/gwas/summary_statistics/GCST90032001-GCST90033000/GCST90032472,35115689,"5,959 Finnish ancestry individuals"
GCST90032473,Megasphaera elsdenii abundance in stool,5959 European,http://ftp.ebi.ac.uk/pub/databases/gwas/summary_statistics/GCST90032001-GCST90033000/GCST90032473,35115689,"5,959 Finnish ancestry individuals"
GCST90032474,Megasphaera sp900066485 abundance in stool,5959 European,http://ftp.ebi.ac.uk/pub/databases/gwas/summary_statistics/GCST90032001-GCST90033000/GCST90032474,35115689,"5,959 Finnish ancestry individuals"
GCST90032475,Megasphaera abundance in stool,5959 European,http://ftp.ebi.ac.uk/pub/databases/gwas/summary_statistics/GCST90032001-GCST90033000/GCST90032475,35115689,"5,959 Finnish ancestry individuals"
GCST90032476,Merdibacter massiliensis abundance in stool,5959 European,http://ftp.ebi.ac.uk/pub/databases/gwas/summary_statistics/GCST90032001-GCST90033000/GCST90032476,35115689,"5,959 Finnish ancestry individuals"
GCST90032477,Methanobacterium B abundance in stool,5959 European,http://ftp.ebi.ac.uk/pub/databases/gwas/summary_statistics/GCST90032001-GCST90033000/GCST90032477,35115689,"5,959 Finnish ancestry individuals"
GCST90032478,Methanobrevibacter B abundance in stool,5959 European,http://ftp.ebi.ac.uk/pub/databases/gwas/summary_statistics/GCST90032001-GCST90033000/GCST90032478,35115689,"5,959 Finnish ancestry individuals"
GCST90032479,Microvirga abundance in stool,5959 European,http://ftp.ebi.ac.uk/pub/databases/gwas/summary_statistics/GCST90032001-GCST90033000/GCST90032479,35115689,"5,959 Finnish ancestry individuals"
GCST90032480,Monoglobaceae abundance in stool,5959 European,http://ftp.ebi.ac.uk/pub/databases/gwas/summary_statistics/GCST90032001-GCST90033000/GCST90032480,35115689,"5,959 Finnish ancestry individuals"
GCST90032481,Monoglobus pectinilyticus abundance in stool,5959 European,http://ftp.ebi.ac.uk/pub/databases/gwas/summary_statistics/GCST90032001-GCST90033000/GCST90032481,35115689,"5,959 Finnish ancestry individuals"
GCST90032482,Monoglobus abundance in stool,5959 European,http://ftp.ebi.ac.uk/pub/databases/gwas/summary_statistics/GCST90032001-GCST90033000/GCST90032482,35115689,"5,959 Finnish ancestry individuals"
GCST90032483,Morganella abundance in stool,5959 European,http://ftp.ebi.ac.uk/pub/databases/gwas/summary_statistics/GCST90032001-GCST90033000/GCST90032483,35115689,"5,959 Finnish ancestry individuals"
GCST90032484,Mycobacteriaceae abundance in stool,5959 European,http://ftp.ebi.ac.uk/pub/databases/gwas/summary_statistics/GCST90032001-GCST90033000/GCST90032484,35115689,"5,959 Finnish ancestry individuals"
GCST90032485,Mycoplasmataceae abundance in stool,5959 European,http://ftp.ebi.ac.uk/pub/databases/gwas/summary_statistics/GCST90032001-GCST90033000/GCST90032485,35115689,"5,959 Finnish ancestry individuals"
GCST90032486,Mycoplasmatales abundance in stool,5959 European,http://ftp.ebi.ac.uk/pub/databases/gwas/summary_statistics/GCST90032001-GCST90033000/GCST90032486,35115689,"5,959 Finnish ancestry individuals"
GCST90032487,Mycoplasmoidaceae abundance in stool,5959 European,http://ftp.ebi.ac.uk/pub/databases/gwas/summary_statistics/GCST90032001-GCST90033000/GCST90032487,35115689,"5,959 Finnish ancestry individuals"
GCST90032488,Negativibacillus massiliensis abundance in stool,5959 European,http://ftp.ebi.ac.uk/pub/databases/gwas/summary_statistics/GCST90032001-GCST90033000/GCST90032488,35115689,"5,959 Finnish ancestry individuals"
GCST90032489,Negativibacillus sp000435195 abundance in stool,5959 European,http://ftp.ebi.ac.uk/pub/databases/gwas/summary_statistics/GCST90032001-GCST90033000/GCST90032489,35115689,"5,959 Finnish ancestry individuals"
GCST90032490,Negativibacillus abundance in stool,5959 European,http://ftp.ebi.ac.uk/pub/databases/gwas/summary_statistics/GCST90032001-GCST90033000/GCST90032490,35115689,"5,959 Finnish ancestry individuals"
GCST90032491,NK4A144 abundance in stool,5959 European,http://ftp.ebi.ac.uk/pub/databases/gwas/summary_statistics/GCST90032001-GCST90033000/GCST90032491,35115689,"5,959 Finnish ancestry individuals"
GCST90032492,Odoribacter laneus abundance in stool,5959 European,http://ftp.ebi.ac.uk/pub/databases/gwas/summary_statistics/GCST90032001-GCST90033000/GCST90032492,35115689,"5,959 Finnish ancestry individuals"
GCST90032493,Olsenella C abundance in stool,5959 European,http://ftp.ebi.ac.uk/pub/databases/gwas/summary_statistics/GCST90032001-GCST90033000/GCST90032493,35115689,"5,959 Finnish ancestry individuals"
GCST90032494,Omnitrophota abundance in stool,5959 European,http://ftp.ebi.ac.uk/pub/databases/gwas/summary_statistics/GCST90032001-GCST90033000/GCST90032494,35115689,"5,959 Finnish ancestry individuals"
GCST90032495,Paceibacteria abundance in stool,5959 European,http://ftp.ebi.ac.uk/pub/databases/gwas/summary_statistics/GCST90032001-GCST90033000/GCST90032495,35115689,"5,959 Finnish ancestry individuals"
GCST90032496,Paenibacillales abundance in stool,5959 European,http://ftp.ebi.ac.uk/pub/databases/gwas/summary_statistics/GCST90032001-GCST90033000/GCST90032496,35115689,"5,959 Finnish ancestry individuals"
GCST90032497,Paenibacillus J abundance in stool,5959 European,http://ftp.ebi.ac.uk/pub/databases/gwas/summary_statistics/GCST90032001-GCST90033000/GCST90032497,35115689,"5,959 Finnish ancestry individuals"
GCST90032498,Pandoraea abundance in stool,5959 European,http://ftp.ebi.ac.uk/pub/databases/gwas/summary_statistics/GCST90032001-GCST90033000/GCST90032498,35115689,"5,959 Finnish ancestry individuals"
GCST90032499,Parabacteroides johnsonii abundance in stool,5959 European,http://ftp.ebi.ac.uk/pub/databases/gwas/summary_statistics/GCST90032001-GCST90033000/GCST90032499,35115689,"5,959 Finnish ancestry individuals"
GCST90032500,Parabacteroides sp000436495 abundance in stool,5959 European,http://ftp.ebi.ac.uk/pub/databases/gwas/summary_statistics/GCST90032001-GCST90033000/GCST90032500,35115689,"5,959 Finnish ancestry individuals"
GCST90032501,Parabacteroides abundance in stool,5959 European,http://ftp.ebi.ac.uk/pub/databases/gwas/summary_statistics/GCST90032001-GCST90033000/GCST90032501,35115689,"5,959 Finnish ancestry individuals"
GCST90032502,Parachlamydiales abundance in stool,5959 European,http://ftp.ebi.ac.uk/pub/databases/gwas/summary_statistics/GCST90032001-GCST90033000/GCST90032502,35115689,"5,959 Finnish ancestry individuals"
GCST90032503,Paraglaciecola abundance in stool,5959 European,http://ftp.ebi.ac.uk/pub/databases/gwas/summary_statistics/GCST90032001-GCST90033000/GCST90032503,35115689,"5,959 Finnish ancestry individuals"
GCST90032504,Paramuribaculum sp001689565 abundance in stool,5959 European,http://ftp.ebi.ac.uk/pub/databases/gwas/summary_statistics/GCST90032001-GCST90033000/GCST90032504,35115689,"5,959 Finnish ancestry individuals"
GCST90032505,Pararhizobium abundance in stool,5959 European,http://ftp.ebi.ac.uk/pub/databases/gwas/summary_statistics/GCST90032001-GCST90033000/GCST90032505,35115689,"5,959 Finnish ancestry individuals"
GCST90032506,Pauljensenia sp000411415 abundance in stool,5959 European,http://ftp.ebi.ac.uk/pub/databases/gwas/summary_statistics/GCST90032001-GCST90033000/GCST90032506,35115689,"5,959 Finnish ancestry individuals"
GCST90032507,Peptococcia abundance in stool,5959 European,http://ftp.ebi.ac.uk/pub/databases/gwas/summary_statistics/GCST90032001-GCST90033000/GCST90032507,35115689,"5,959 Finnish ancestry individuals"
GCST90032508,Phascolarctobacterium sp003150755 abundance in stool,5959 European,http://ftp.ebi.ac.uk/pub/databases/gwas/summary_statistics/GCST90032001-GCST90033000/GCST90032508,35115689,"5,959 Finnish ancestry individuals"
GCST90032509,Phocea massiliensis abundance in stool,5959 European,http://ftp.ebi.ac.uk/pub/databases/gwas/summary_statistics/GCST90032001-GCST90033000/GCST90032509,35115689,"5,959 Finnish ancestry individuals"
GCST90032510,Phocea abundance in stool,5959 European,http://ftp.ebi.ac.uk/pub/databases/gwas/summary_statistics/GCST90032001-GCST90033000/GCST90032510,35115689,"5,959 Finnish ancestry individuals"
GCST90032511,Photobacterium abundance in stool,5959 European,http://ftp.ebi.ac.uk/pub/databases/gwas/summary_statistics/GCST90032001-GCST90033000/GCST90032511,35115689,"5,959 Finnish ancestry individuals"
GCST90032512,Planococcaceae abundance in stool,5959 European,http://ftp.ebi.ac.uk/pub/databases/gwas/summary_statistics/GCST90032001-GCST90033000/GCST90032512,35115689,"5,959 Finnish ancestry individuals"
GCST90032513,Poseidoniaceae abundance in stool,5959 European,http://ftp.ebi.ac.uk/pub/databases/gwas/summary_statistics/GCST90032001-GCST90033000/GCST90032513,35115689,"5,959 Finnish ancestry individuals"
GCST90032514,Prevotella bivia abundance in stool,5959 European,http://ftp.ebi.ac.uk/pub/databases/gwas/summary_statistics/GCST90032001-GCST90033000/GCST90032514,35115689,"5,959 Finnish ancestry individuals"
GCST90032515,Prevotella buccae abundance in stool,5959 European,http://ftp.ebi.ac.uk/pub/databases/gwas/summary_statistics/GCST90032001-GCST90033000/GCST90032515,35115689,"5,959 Finnish ancestry individuals"
GCST90032516,Prevotellamassilia sp000437675 abundance in stool,5959 European,http://ftp.ebi.ac.uk/pub/databases/gwas/summary_statistics/GCST90032001-GCST90033000/GCST90032516,35115689,"5,959 Finnish ancestry individuals"
GCST90032517,Prevotellamassilia abundance in stool,5959 European,http://ftp.ebi.ac.uk/pub/databases/gwas/summary_statistics/GCST90032001-GCST90033000/GCST90032517,35115689,"5,959 Finnish ancestry individuals"
GCST90032518,Prevotella sp000434975 abundance in stool,5959 European,http://ftp.ebi.ac.uk/pub/databases/gwas/summary_statistics/GCST90032001-GCST90033000/GCST90032518,35115689,"5,959 Finnish ancestry individuals"
GCST90032519,Prevotella sp000436915 abundance in stool,5959 European,http://ftp.ebi.ac.uk/pub/databases/gwas/summary_statistics/GCST90032001-GCST90033000/GCST90032519,35115689,"5,959 Finnish ancestry individuals"
GCST90032520,Prevotella sp002437285 abundance in stool,5959 European,http://ftp.ebi.ac.uk/pub/databases/gwas/summary_statistics/GCST90032001-GCST90033000/GCST90032520,35115689,"5,959 Finnish ancestry individuals"
GCST90032521,Prevotella sp002437565 abundance in stool,5959 European,http://ftp.ebi.ac.uk/pub/databases/gwas/summary_statistics/GCST90032001-GCST90033000/GCST90032521,35115689,"5,959 Finnish ancestry individuals"
GCST90032522,Prevotella sp002933775 abundance in stool,5959 European,http://ftp.ebi.ac.uk/pub/databases/gwas/summary_statistics/GCST90032001-GCST90033000/GCST90032522,35115689,"5,959 Finnish ancestry individuals"
GCST90032523,Prevotella sp900317685 abundance in stool,5959 European,http://ftp.ebi.ac.uk/pub/databases/gwas/summary_statistics/GCST90032001-GCST90033000/GCST90032523,35115689,"5,959 Finnish ancestry individuals"
GCST90032524,Prevotella sp900318625 abundance in stool,5959 European,http://ftp.ebi.ac.uk/pub/databases/gwas/summary_statistics/GCST90032001-GCST90033000/GCST90032524,35115689,"5,959 Finnish ancestry individuals"
GCST90032525,Propionibacterium freudenreichii abundance in stool,5959 European,http://ftp.ebi.ac.uk/pub/databases/gwas/summary_statistics/GCST90032001-GCST90033000/GCST90032525,35115689,"5,959 Finnish ancestry individuals"
GCST90032526,Proteus abundance in stool,5959 European,http://ftp.ebi.ac.uk/pub/databases/gwas/summary_statistics/GCST90032001-GCST90033000/GCST90032526,35115689,"5,959 Finnish ancestry individuals"
GCST90032527,Provencibacterium massiliense abundance in stool,5959 European,http://ftp.ebi.ac.uk/pub/databases/gwas/summary_statistics/GCST90032001-GCST90033000/GCST90032527,35115689,"5,959 Finnish ancestry individuals"
GCST90032528,Provencibacterium abundance in stool,5959 European,http://ftp.ebi.ac.uk/pub/databases/gwas/summary_statistics/GCST90032001-GCST90033000/GCST90032528,35115689,"5,959 Finnish ancestry individuals"
GCST90032529,Providencia abundance in stool,5959 European,http://ftp.ebi.ac.uk/pub/databases/gwas/summary_statistics/GCST90032001-GCST90033000/GCST90032529,35115689,"5,959 Finnish ancestry individuals"
GCST90032530,Pseudomonadales abundance in stool,5959 European,http://ftp.ebi.ac.uk/pub/databases/gwas/summary_statistics/GCST90032001-GCST90033000/GCST90032530,35115689,"5,959 Finnish ancestry individuals"
GCST90032531,Pseudomonas aeruginosa abundance in stool,5959 European,http://ftp.ebi.ac.uk/pub/databases/gwas/summary_statistics/GCST90032001-GCST90033000/GCST90032531,35115689,"5,959 Finnish ancestry individuals"
GCST90032532,Psychroserpens abundance in stool,5959 European,http://ftp.ebi.ac.uk/pub/databases/gwas/summary_statistics/GCST90032001-GCST90033000/GCST90032532,35115689,"5,959 Finnish ancestry individuals"
GCST90032533,QALR01 sp003150035 abundance in stool,5959 European,http://ftp.ebi.ac.uk/pub/databases/gwas/summary_statistics/GCST90032001-GCST90033000/GCST90032533,35115689,"5,959 Finnish ancestry individuals"
GCST90032534,Raoultella abundance in stool,5959 European,http://ftp.ebi.ac.uk/pub/databases/gwas/summary_statistics/GCST90032001-GCST90033000/GCST90032534,35115689,"5,959 Finnish ancestry individuals"
GCST90032535,RC9 sp900317925 abundance in stool,5959 European,http://ftp.ebi.ac.uk/pub/databases/gwas/summary_statistics/GCST90032001-GCST90033000/GCST90032535,35115689,"5,959 Finnish ancestry individuals"
GCST90032536,Rhodanobacter abundance in stool,5959 European,http://ftp.ebi.ac.uk/pub/databases/gwas/summary_statistics/GCST90032001-GCST90033000/GCST90032536,35115689,"5,959 Finnish ancestry individuals"
GCST90032537,Rhodococcus abundance in stool,5959 European,http://ftp.ebi.ac.uk/pub/databases/gwas/summary_statistics/GCST90032001-GCST90033000/GCST90032537,35115689,"5,959 Finnish ancestry individuals"
GCST90032538,Rhodovulum abundance in stool,5959 European,http://ftp.ebi.ac.uk/pub/databases/gwas/summary_statistics/GCST90032001-GCST90033000/GCST90032538,35115689,"5,959 Finnish ancestry individuals"
GCST90032539,Romboutsia ilealis abundance in stool,5959 European,http://ftp.ebi.ac.uk/pub/databases/gwas/summary_statistics/GCST90032001-GCST90033000/GCST90032539,35115689,"5,959 Finnish ancestry individuals"
GCST90032540,Roseibacillus abundance in stool,5959 European,http://ftp.ebi.ac.uk/pub/databases/gwas/summary_statistics/GCST90032001-GCST90033000/GCST90032540,35115689,"5,959 Finnish ancestry individuals"
GCST90032541,Rubneribacter sp002159915 abundance in stool,5959 European,http://ftp.ebi.ac.uk/pub/databases/gwas/summary_statistics/GCST90032001-GCST90033000/GCST90032541,35115689,"5,959 Finnish ancestry individuals"
GCST90032542,RUG013 sp001486445 abundance in stool,5959 European,http://ftp.ebi.ac.uk/pub/databases/gwas/summary_statistics/GCST90032001-GCST90033000/GCST90032542,35115689,"5,959 Finnish ancestry individuals"
GCST90032543,RUG147 sp900315495 abundance in stool,5959 European,http://ftp.ebi.ac.uk/pub/databases/gwas/summary_statistics/GCST90032001-GCST90033000/GCST90032543,35115689,"5,959 Finnish ancestry individuals"
GCST90032544,RUG147 abundance in stool,5959 European,http://ftp.ebi.ac.uk/pub/databases/gwas/summary_statistics/GCST90032001-GCST90033000/GCST90032544,35115689,"5,959 Finnish ancestry individuals"
GCST90032545,RUG420 sp900317985 abundance in stool,5959 European,http://ftp.ebi.ac.uk/pub/databases/gwas/summary_statistics/GCST90032001-GCST90033000/GCST90032545,35115689,"5,959 Finnish ancestry individuals"
GCST90032546,RUG472 sp900319345 abundance in stool,5959 European,http://ftp.ebi.ac.uk/pub/databases/gwas/summary_statistics/GCST90032001-GCST90033000/GCST90032546,35115689,"5,959 Finnish ancestry individuals"
GCST90032547,RUG472 abundance in stool,5959 European,http://ftp.ebi.ac.uk/pub/databases/gwas/summary_statistics/GCST90032001-GCST90033000/GCST90032547,35115689,"5,959 Finnish ancestry individuals"
GCST90032548,Ruminococcus A sp000432335 abundance in stool,5959 European,http://ftp.ebi.ac.uk/pub/databases/gwas/summary_statistics/GCST90032001-GCST90033000/GCST90032548,35115689,"5,959 Finnish ancestry individuals"
GCST90032549,Ruminococcus C sp000437255 abundance in stool,5959 European,http://ftp.ebi.ac.uk/pub/databases/gwas/summary_statistics/GCST90032001-GCST90033000/GCST90032549,35115689,"5,959 Finnish ancestry individuals"
GCST90032550,Ruminococcus D bicirculans abundance in stool,5959 European,http://ftp.ebi.ac.uk/pub/databases/gwas/summary_statistics/GCST90032001-GCST90033000/GCST90032550,35115689,"5,959 Finnish ancestry individuals"
GCST90032551,Ruminococcus D abundance in stool,5959 European,http://ftp.ebi.ac.uk/pub/databases/gwas/summary_statistics/GCST90032001-GCST90033000/GCST90032551,35115689,"5,959 Finnish ancestry individuals"
GCST90032552,Ruminococcus E sp003521625 abundance in stool,5959 European,http://ftp.ebi.ac.uk/pub/databases/gwas/summary_statistics/GCST90032001-GCST90033000/GCST90032552,35115689,"5,959 Finnish ancestry individuals"
GCST90032553,Ruminococcus E sp900100595 abundance in stool,5959 European,http://ftp.ebi.ac.uk/pub/databases/gwas/summary_statistics/GCST90032001-GCST90033000/GCST90032553,35115689,"5,959 Finnish ancestry individuals"
GCST90032554,Ruminococcus E sp900314705 abundance in stool,5959 European,http://ftp.ebi.ac.uk/pub/databases/gwas/summary_statistics/GCST90032001-GCST90033000/GCST90032554,35115689,"5,959 Finnish ancestry individuals"
GCST90032555,Ruminococcus abundance in stool,5959 European,http://ftp.ebi.ac.uk/pub/databases/gwas/summary_statistics/GCST90032001-GCST90033000/GCST90032555,35115689,"5,959 Finnish ancestry individuals"
GCST90032556,Saccharofermentanaceae abundance in stool,5959 European,http://ftp.ebi.ac.uk/pub/databases/gwas/summary_statistics/GCST90032001-GCST90033000/GCST90032556,35115689,"5,959 Finnish ancestry individuals"
GCST90032557,Saccharomonospora abundance in stool,5959 European,http://ftp.ebi.ac.uk/pub/databases/gwas/summary_statistics/GCST90032001-GCST90033000/GCST90032557,35115689,"5,959 Finnish ancestry individuals"
GCST90032558,SAR324 abundance in stool,5959 European,http://ftp.ebi.ac.uk/pub/databases/gwas/summary_statistics/GCST90032001-GCST90033000/GCST90032558,35115689,"5,959 Finnish ancestry individuals"
GCST90032559,SM23-33 abundance in stool,5959 European,http://ftp.ebi.ac.uk/pub/databases/gwas/summary_statistics/GCST90032001-GCST90033000/GCST90032559,35115689,"5,959 Finnish ancestry individuals"
GCST90032560,Sorangium abundance in stool,5959 European,http://ftp.ebi.ac.uk/pub/databases/gwas/summary_statistics/GCST90032001-GCST90033000/GCST90032560,35115689,"5,959 Finnish ancestry individuals"
GCST90032561,Spirillospora abundance in stool,5959 European,http://ftp.ebi.ac.uk/pub/databases/gwas/summary_statistics/GCST90032001-GCST90033000/GCST90032561,35115689,"5,959 Finnish ancestry individuals"
GCST90032562,Spirochaetia abundance in stool,5959 European,http://ftp.ebi.ac.uk/pub/databases/gwas/summary_statistics/GCST90032001-GCST90033000/GCST90032562,35115689,"5,959 Finnish ancestry individuals"
GCST90032563,Sporomusales abundance in stool,5959 European,http://ftp.ebi.ac.uk/pub/databases/gwas/summary_statistics/GCST90032001-GCST90033000/GCST90032563,35115689,"5,959 Finnish ancestry individuals"
GCST90032564,Staphylococcus A fleurettii abundance in stool,5959 European,http://ftp.ebi.ac.uk/pub/databases/gwas/summary_statistics/GCST90032001-GCST90033000/GCST90032564,35115689,"5,959 Finnish ancestry individuals"
GCST90032565,Staphylococcus aureus abundance in stool,5959 European,http://ftp.ebi.ac.uk/pub/databases/gwas/summary_statistics/GCST90032001-GCST90033000/GCST90032565,35115689,"5,959 Finnish ancestry individuals"
GCST90032566,Stappia abundance in stool,5959 European,http://ftp.ebi.ac.uk/pub/databases/gwas/summary_statistics/GCST90032001-GCST90033000/GCST90032566,35115689,"5,959 Finnish ancestry individuals"
GCST90032567,Streptacidiphilus abundance in stool,5959 European,http://ftp.ebi.ac.uk/pub/databases/gwas/summary_statistics/GCST90032001-GCST90033000/GCST90032567,35115689,"5,959 Finnish ancestry individuals"
GCST90032568,Streptococcus sanguinis abundance in stool,5959 European,http://ftp.ebi.ac.uk/pub/databases/gwas/summary_statistics/GCST90032001-GCST90033000/GCST90032568,35115689,"5,959 Finnish ancestry individuals"
GCST90032569,Succiniclasticum abundance in stool,5959 European,http://ftp.ebi.ac.uk/pub/databases/gwas/summary_statistics/GCST90032001-GCST90033000/GCST90032569,35115689,"5,959 Finnish ancestry individuals"
GCST90032570,Succinivibrionaceae abundance in stool,5959 European,http://ftp.ebi.ac.uk/pub/databases/gwas/summary_statistics/GCST90032001-GCST90033000/GCST90032570,35115689,"5,959 Finnish ancestry individuals"
GCST90032571,Succinivibrio abundance in stool,5959 European,http://ftp.ebi.ac.uk/pub/databases/gwas/summary_statistics/GCST90032001-GCST90033000/GCST90032571,35115689,"5,959 Finnish ancestry individuals"
GCST90032572,Syntrophomonadia abundance in stool,5959 European,http://ftp.ebi.ac.uk/pub/databases/gwas/summary_statistics/GCST90032001-GCST90033000/GCST90032572,35115689,"5,959 Finnish ancestry individuals"
GCST90032573,Syntrophorhabdaceae abundance in stool,5959 European,http://ftp.ebi.ac.uk/pub/databases/gwas/summary_statistics/GCST90032001-GCST90033000/GCST90032573,35115689,"5,959 Finnish ancestry individuals"
GCST90032574,Syntrophorhabdia abundance in stool,5959 European,http://ftp.ebi.ac.uk/pub/databases/gwas/summary_statistics/GCST90032001-GCST90033000/GCST90032574,35115689,"5,959 Finnish ancestry individuals"
GCST90032575,Tannerellaceae abundance in stool,5959 European,http://ftp.ebi.ac.uk/pub/databases/gwas/summary_statistics/GCST90032001-GCST90033000/GCST90032575,35115689,"5,959 Finnish ancestry individuals"
GCST90032576,Tepidanaerobacteraceae abundance in stool,5959 European,http://ftp.ebi.ac.uk/pub/databases/gwas/summary_statistics/GCST90032001-GCST90033000/GCST90032576,35115689,"5,959 Finnish ancestry individuals"
GCST90032577,Terrisporobacter othiniensis abundance in stool,5959 European,http://ftp.ebi.ac.uk/pub/databases/gwas/summary_statistics/GCST90032001-GCST90033000/GCST90032577,35115689,"5,959 Finnish ancestry individuals"
GCST90032578,Terrisporobacter abundance in stool,5959 European,http://ftp.ebi.ac.uk/pub/databases/gwas/summary_statistics/GCST90032001-GCST90033000/GCST90032578,35115689,"5,959 Finnish ancestry individuals"
GCST90032579,Thermococcaceae abundance in stool,5959 European,http://ftp.ebi.ac.uk/pub/databases/gwas/summary_statistics/GCST90032001-GCST90033000/GCST90032579,35115689,"5,959 Finnish ancestry individuals"
GCST90032580,Thermococci abundance in stool,5959 European,http://ftp.ebi.ac.uk/pub/databases/gwas/summary_statistics/GCST90032001-GCST90033000/GCST90032580,35115689,"5,959 Finnish ancestry individuals"
GCST90032581,Thermoplasmatota abundance in stool,5959 European,http://ftp.ebi.ac.uk/pub/databases/gwas/summary_statistics/GCST90032001-GCST90033000/GCST90032581,35115689,"5,959 Finnish ancestry individuals"
GCST90032582,Thermoprotei abundance in stool,5959 European,http://ftp.ebi.ac.uk/pub/databases/gwas/summary_statistics/GCST90032001-GCST90033000/GCST90032582,35115689,"5,959 Finnish ancestry individuals"
GCST90032583,Thioalkalivibrionaceae abundance in stool,5959 European,http://ftp.ebi.ac.uk/pub/databases/gwas/summary_statistics/GCST90032001-GCST90033000/GCST90032583,35115689,"5,959 Finnish ancestry individuals"
GCST90032584,TMED109 abundance in stool,5959 European,http://ftp.ebi.ac.uk/pub/databases/gwas/summary_statistics/GCST90032001-GCST90033000/GCST90032584,35115689,"5,959 Finnish ancestry individuals"
GCST90032585,Treponema D abundance in stool,5959 European,http://ftp.ebi.ac.uk/pub/databases/gwas/summary_statistics/GCST90032001-GCST90033000/GCST90032585,35115689,"5,959 Finnish ancestry individuals"
GCST90032586,Treponemataceae abundance in stool,5959 European,http://ftp.ebi.ac.uk/pub/databases/gwas/summary_statistics/GCST90032001-GCST90033000/GCST90032586,35115689,"5,959 Finnish ancestry individuals"
GCST90032587,Turicibacteraceae abundance in stool,5959 European,http://ftp.ebi.ac.uk/pub/databases/gwas/summary_statistics/GCST90032001-GCST90033000/GCST90032587,35115689,"5,959 Finnish ancestry individuals"
GCST90032588,Turicibacter sp001543345 abundance in stool,5959 European,http://ftp.ebi.ac.uk/pub/databases/gwas/summary_statistics/GCST90032001-GCST90033000/GCST90032588,35115689,"5,959 Finnish ancestry individuals"
GCST90032589,Turicibacter abundance in stool,5959 European,http://ftp.ebi.ac.uk/pub/databases/gwas/summary_statistics/GCST90032001-GCST90033000/GCST90032589,35115689,"5,959 Finnish ancestry individuals"
GCST90032590,UBA1033 sp001695555 abundance in stool,5959 European,http://ftp.ebi.ac.uk/pub/databases/gwas/summary_statistics/GCST90032001-GCST90033000/GCST90032590,35115689,"5,959 Finnish ancestry individuals"
GCST90032591,UBA1066 sp900317515 abundance in stool,5959 European,http://ftp.ebi.ac.uk/pub/databases/gwas/summary_statistics/GCST90032001-GCST90033000/GCST90032591,35115689,"5,959 Finnish ancestry individuals"
GCST90032592,UBA1066 abundance in stool,5959 European,http://ftp.ebi.ac.uk/pub/databases/gwas/summary_statistics/GCST90032001-GCST90033000/GCST90032592,35115689,"5,959 Finnish ancestry individuals"
GCST90032593,UBA11471 sp000434215 abundance in stool,5959 European,http://ftp.ebi.ac.uk/pub/databases/gwas/summary_statistics/GCST90032001-GCST90033000/GCST90032593,35115689,"5,959 Finnish ancestry individuals"
GCST90032594,UBA11471 abundance in stool,5959 European,http://ftp.ebi.ac.uk/pub/databases/gwas/summary_statistics/GCST90032001-GCST90033000/GCST90032594,35115689,"5,959 Finnish ancestry individuals"
GCST90032595,UBA1191 abundance in stool,5959 European,http://ftp.ebi.ac.uk/pub/databases/gwas/summary_statistics/GCST90032001-GCST90033000/GCST90032595,35115689,"5,959 Finnish ancestry individuals"
GCST90032596,UBA11963 sp002362595 abundance in stool,5959 European,http://ftp.ebi.ac.uk/pub/databases/gwas/summary_statistics/GCST90032001-GCST90033000/GCST90032596,35115689,"5,959 Finnish ancestry individuals"
GCST90032597,UBA11963 abundance in stool,5959 European,http://ftp.ebi.ac.uk/pub/databases/gwas/summary_statistics/GCST90032001-GCST90033000/GCST90032597,35115689,"5,959 Finnish ancestry individuals"
GCST90032598,UBA1206 sp000433115 abundance in stool,5959 European,http://ftp.ebi.ac.uk/pub/databases/gwas/summary_statistics/GCST90032001-GCST90033000/GCST90032598,35115689,"5,959 Finnish ancestry individuals"
GCST90032599,UBA1375 sp002305795 abundance in stool,5959 European,http://ftp.ebi.ac.uk/pub/databases/gwas/summary_statistics/GCST90032001-GCST90033000/GCST90032599,35115689,"5,959 Finnish ancestry individuals"
GCST90032600,UBA1407 abundance in stool,5959 European,http://ftp.ebi.ac.uk/pub/databases/gwas/summary_statistics/GCST90032001-GCST90033000/GCST90032600,35115689,"5,959 Finnish ancestry individuals"
GCST90032601,UBA1409 abundance in stool,5959 European,http://ftp.ebi.ac.uk/pub/databases/gwas/summary_statistics/GCST90032001-GCST90033000/GCST90032601,35115689,"5,959 Finnish ancestry individuals"
GCST90032602,UBA1417 sp003531055 abundance in stool,5959 European,http://ftp.ebi.ac.uk/pub/databases/gwas/summary_statistics/GCST90032001-GCST90033000/GCST90032602,35115689,"5,959 Finnish ancestry individuals"
GCST90032603,UBA1446 sp002329245 abundance in stool,5959 European,http://ftp.ebi.ac.uk/pub/databases/gwas/summary_statistics/GCST90032001-GCST90033000/GCST90032603,35115689,"5,959 Finnish ancestry individuals"
GCST90032604,UBA1448 sp002329405 abundance in stool,5959 European,http://ftp.ebi.ac.uk/pub/databases/gwas/summary_statistics/GCST90032001-GCST90033000/GCST90032604,35115689,"5,959 Finnish ancestry individuals"
GCST90032605,UBA1448 abundance in stool,5959 European,http://ftp.ebi.ac.uk/pub/databases/gwas/summary_statistics/GCST90032001-GCST90033000/GCST90032605,35115689,"5,959 Finnish ancestry individuals"
GCST90032606,UBA1611 abundance in stool,5959 European,http://ftp.ebi.ac.uk/pub/databases/gwas/summary_statistics/GCST90032001-GCST90033000/GCST90032606,35115689,"5,959 Finnish ancestry individuals"
GCST90032607,UBA1777 sp002320035 abundance in stool,5959 European,http://ftp.ebi.ac.uk/pub/databases/gwas/summary_statistics/GCST90032001-GCST90033000/GCST90032607,35115689,"5,959 Finnish ancestry individuals"
GCST90032608,UBA1777 sp900316255 abundance in stool,5959 European,http://ftp.ebi.ac.uk/pub/databases/gwas/summary_statistics/GCST90032001-GCST90033000/GCST90032608,35115689,"5,959 Finnish ancestry individuals"
GCST90032609,UBA1777 sp900319275 abundance in stool,5959 European,http://ftp.ebi.ac.uk/pub/databases/gwas/summary_statistics/GCST90032001-GCST90033000/GCST90032609,35115689,"5,959 Finnish ancestry individuals"
GCST90032610,UBA1777 sp900319835 abundance in stool,5959 European,http://ftp.ebi.ac.uk/pub/databases/gwas/summary_statistics/GCST90032001-GCST90033000/GCST90032610,35115689,"5,959 Finnish ancestry individuals"
GCST90032611,UBA2658 sp002841545 abundance in stool,5959 European,http://ftp.ebi.ac.uk/pub/databases/gwas/summary_statistics/GCST90032001-GCST90033000/GCST90032611,35115689,"5,959 Finnish ancestry individuals"
GCST90032612,UBA2821 abundance in stool,5959 European,http://ftp.ebi.ac.uk/pub/databases/gwas/summary_statistics/GCST90032001-GCST90033000/GCST90032612,35115689,"5,959 Finnish ancestry individuals"
GCST90032613,UBA2922 sp900313925 abundance in stool,5959 European,http://ftp.ebi.ac.uk/pub/databases/gwas/summary_statistics/GCST90032001-GCST90033000/GCST90032613,35115689,"5,959 Finnish ancestry individuals"
GCST90032614,UBA3282 sp002493835 abundance in stool,5959 European,http://ftp.ebi.ac.uk/pub/databases/gwas/summary_statistics/GCST90032001-GCST90033000/GCST90032614,35115689,"5,959 Finnish ancestry individuals"
GCST90032615,UBA3792 abundance in stool,5959 European,http://ftp.ebi.ac.uk/pub/databases/gwas/summary_statistics/GCST90032001-GCST90033000/GCST90032615,35115689,"5,959 Finnish ancestry individuals"
GCST90032616,UBA3855 sp900316885 abundance in stool,5959 European,http://ftp.ebi.ac.uk/pub/databases/gwas/summary_statistics/GCST90032001-GCST90033000/GCST90032616,35115689,"5,959 Finnish ancestry individuals"
GCST90032617,UBA5394 sp002409725 abundance in stool,5959 European,http://ftp.ebi.ac.uk/pub/databases/gwas/summary_statistics/GCST90032001-GCST90033000/GCST90032617,35115689,"5,959 Finnish ancestry individuals"
GCST90032618,UBA6382 abundance in stool,5959 European,http://ftp.ebi.ac.uk/pub/databases/gwas/summary_statistics/GCST90032001-GCST90033000/GCST90032618,35115689,"5,959 Finnish ancestry individuals"
GCST90032619,UBA6398 sp002451695 abundance in stool,5959 European,http://ftp.ebi.ac.uk/pub/databases/gwas/summary_statistics/GCST90032001-GCST90033000/GCST90032619,35115689,"5,959 Finnish ancestry individuals"
GCST90032620,UBA6398 abundance in stool,5959 European,http://ftp.ebi.ac.uk/pub/databases/gwas/summary_statistics/GCST90032001-GCST90033000/GCST90032620,35115689,"5,959 Finnish ancestry individuals"
GCST90032621,UBA644 abundance in stool,5959 European,http://ftp.ebi.ac.uk/pub/databases/gwas/summary_statistics/GCST90032001-GCST90033000/GCST90032621,35115689,"5,959 Finnish ancestry individuals"
GCST90032622,UBA6960 abundance in stool,5959 European,http://ftp.ebi.ac.uk/pub/databases/gwas/summary_statistics/GCST90032001-GCST90033000/GCST90032622,35115689,"5,959 Finnish ancestry individuals"
GCST90032623,UBA7102 sp002315655 abundance in stool,5959 European,http://ftp.ebi.ac.uk/pub/databases/gwas/summary_statistics/GCST90032001-GCST90033000/GCST90032623,35115689,"5,959 Finnish ancestry individuals"
GCST90032624,UBA7177 sp002491225 abundance in stool,5959 European,http://ftp.ebi.ac.uk/pub/databases/gwas/summary_statistics/GCST90032001-GCST90033000/GCST90032624,35115689,"5,959 Finnish ancestry individuals"
GCST90032625,UBA7177 abundance in stool,5959 European,http://ftp.ebi.ac.uk/pub/databases/gwas/summary_statistics/GCST90032001-GCST90033000/GCST90032625,35115689,"5,959 Finnish ancestry individuals"
GCST90032626,UBA7182 sp002491115 abundance in stool,5959 European,http://ftp.ebi.ac.uk/pub/databases/gwas/summary_statistics/GCST90032001-GCST90033000/GCST90032626,35115689,"5,959 Finnish ancestry individuals"
GCST90032627,UBA7182 abundance in stool,5959 European,http://ftp.ebi.ac.uk/pub/databases/gwas/summary_statistics/GCST90032001-GCST90033000/GCST90032627,35115689,"5,959 Finnish ancestry individuals"
GCST90032628,UBA737 sp002451855 abundance in stool,5959 European,http://ftp.ebi.ac.uk/pub/databases/gwas/summary_statistics/GCST90032001-GCST90033000/GCST90032628,35115689,"5,959 Finnish ancestry individuals"
GCST90032629,UBA737 abundance in stool,5959 European,http://ftp.ebi.ac.uk/pub/databases/gwas/summary_statistics/GCST90032001-GCST90033000/GCST90032629,35115689,"5,959 Finnish ancestry individuals"
GCST90032630,UBA7703 abundance in stool,5959 European,http://ftp.ebi.ac.uk/pub/databases/gwas/summary_statistics/GCST90032001-GCST90033000/GCST90032630,35115689,"5,959 Finnish ancestry individuals"
GCST90032631,UBA7748 sp900314535 abundance in stool,5959 European,http://ftp.ebi.ac.uk/pub/databases/gwas/summary_statistics/GCST90032001-GCST90033000/GCST90032631,35115689,"5,959 Finnish ancestry individuals"
GCST90032632,UBA8517 abundance in stool,5959 European,http://ftp.ebi.ac.uk/pub/databases/gwas/summary_statistics/GCST90032001-GCST90033000/GCST90032632,35115689,"5,959 Finnish ancestry individuals"
GCST90032633,UBA8621 abundance in stool,5959 European,http://ftp.ebi.ac.uk/pub/databases/gwas/summary_statistics/GCST90032001-GCST90033000/GCST90032633,35115689,"5,959 Finnish ancestry individuals"
GCST90032634,UBA8904 abundance in stool,5959 European,http://ftp.ebi.ac.uk/pub/databases/gwas/summary_statistics/GCST90032001-GCST90033000/GCST90032634,35115689,"5,959 Finnish ancestry individuals"
GCST90032635,UBA9475 sp002161235 abundance in stool,5959 European,http://ftp.ebi.ac.uk/pub/databases/gwas/summary_statistics/GCST90032001-GCST90033000/GCST90032635,35115689,"5,959 Finnish ancestry individuals"
GCST90032636,UBA9475 sp002161675 abundance in stool,5959 European,http://ftp.ebi.ac.uk/pub/databases/gwas/summary_statistics/GCST90032001-GCST90033000/GCST90032636,35115689,"5,959 Finnish ancestry individuals"
GCST90032637,UBP9 abundance in stool,5959 European,http://ftp.ebi.ac.uk/pub/databases/gwas/summary_statistics/GCST90032001-GCST90033000/GCST90032637,35115689,"5,959 Finnish ancestry individuals"
GCST90032638,UCG-010 sp003150215 abundance in stool,5959 European,http://ftp.ebi.ac.uk/pub/databases/gwas/summary_statistics/GCST90032001-GCST90033000/GCST90032638,35115689,"5,959 Finnish ancestry individuals"
GCST90032639,UNC496MF abundance in stool,5959 European,http://ftp.ebi.ac.uk/pub/databases/gwas/summary_statistics/GCST90032001-GCST90033000/GCST90032639,35115689,"5,959 Finnish ancestry individuals"
GCST90032640,V9D3004 abundance in stool,5959 European,http://ftp.ebi.ac.uk/pub/databases/gwas/summary_statistics/GCST90032001-GCST90033000/GCST90032640,35115689,"5,959 Finnish ancestry individuals"
GCST90032641,Veillonellaceae abundance in stool,5959 European,http://ftp.ebi.ac.uk/pub/databases/gwas/summary_statistics/GCST90032001-GCST90033000/GCST90032641,35115689,"5,959 Finnish ancestry individuals"
GCST90032642,Veillonella rogosae abundance in stool,5959 European,http://ftp.ebi.ac.uk/pub/databases/gwas/summary_statistics/GCST90032001-GCST90033000/GCST90032642,35115689,"5,959 Finnish ancestry individuals"
GCST90032643,Veillonella abundance in stool,5959 European,http://ftp.ebi.ac.uk/pub/databases/gwas/summary_statistics/GCST90032001-GCST90033000/GCST90032643,35115689,"5,959 Finnish ancestry individuals"
GCST90032644,Victivallis sp002998355 abundance in stool,5959 European,http://ftp.ebi.ac.uk/pub/databases/gwas/summary_statistics/GCST90032001-GCST90033000/GCST90032644,35115689,"5,959 Finnish ancestry individuals"
