,protein_name
1,CRYBB2_CRBB2
2,RAF1_c_Raf
3,ZNF41_ZNF41
4,ELK1_ELK1
5,GUCA1A_GUC1A
6,OCRL_OCRL
7,SPDEF_SPDEF
8,SNAI2_SLUG
9,KCNAB2_KCAB2
10,POLH_POLH
11,VDR_VDR
12,HOGA1_HOGA1
13,MUTYH_MutY_homolog
14,DUSP4_DUS4
15,ZHX3_ZHX3
16,SIGLEC12_SIG12
17,TP63_P73L
18,HNF4A_HNF4A
19,SGK3_SGK3
20,BRD4_BRD4
21,WNT10A_WN10A
22,CUL3_CUL3
23,BIRC2_cIAP_1
24,NCF2_NCF_2
25,CBFB_PEBB
26,TERF1_TERF1
27,ILK_ILK1
28,GAN_GAN
29,FOXM1_FOXM1
30,RAD23A_RD23A
31,FANCL_FANCL
32,RBBP9_RBBP9
33,PLCG2_PLCG2
34,TDP1_TYDP1
35,BRD2_BRD2
36,ACBD6_ACBD6
37,AP4M1_AP4M1
38,BAG3_BAG3
39,EIF2B1_EI2BA
40,SATB2_SATB2
41,NEFL_NFL
42,STAR_STAR
43,CBS_CBS
44,CRYAA_Alpha_crystallin_A_chain
45,APRT_APT
46,ASMTL_ASML
47,STUB1_CHIP
48,ENO2_NSE
49,PIAS4_PIAS4
50,IL10RA_IL_10_Ra
51,STAT3_STAT3
52,JUN_c_Jun
53,OAS1_OAS1
54,MYC_c_Myc
55,SMAD3_SMAD3
56,SMAD2_SMAD2
57,PDGFRA_PDGFRA
58,STAT1_STAT1
59,STAT6_STAT6
60,ZNRF3_ZNRF3
61,ANGPTL3_ANGL3
62,MCL1_Mcl_1
63,STX12_STX12
64,SCARA5_SCAR5
65,NPDC1_NPDC1
66,B4GALT5_B4GT5
67,GOSR2_GOSR2
68,KIR2DS2_KI2S2
69,SLC3A2_4F2
70,KIAA1644_K1644
71,AGA_ASPG
72,CSF2RA_CSF2R
73,CLMP_ACAM
74,TMEM190_TM190
75,APOM_ApoM
76,PABPC3_PABP3
77,SHISA2_TMM46
78,NUCB1_NUCB1
79,CEACAM20_CEA20
80,DNAJC16_DJC16
81,IL31_IL_31
82,INSL5_INSL5
83,ANTXR1_ANTR1
84,MAGEA4_MAGE_4
85,RPN1_RPN1
86,CLCA1_CaCC
87,TMEM106A_T106A
88,PGRMC2_PGRC2
89,ACRV1_sperm_protein_10
90,SCIMP_SCIMP
91,COL6A3_Collagen_alpha_3_VI_
92,CSF2RB_IL3RB
93,KCNIP3_CSEN
94,PTGDS_PGD2_synthase
95,MXRA8_MXRA8
96,DHX9_DHX9
97,PSMB6_PSB6
98,NRAS_RASN
99,PARP1_PARP
100,COX6A2_CX6A2
101,CD99L2_C99L2
102,TSPEAR_TSEAR
103,BMPR1B_BMP_RIB
104,LAT_LAT
105,KLRC4_NKG2F
106,TOR1AIP2_TOIP2
107,GLB1_BGAL
108,TEX29_TEX29
109,PCDH9_PCDH9
110,ITM2C_ITM2C
111,PGLYRP3_PGRP_I_alpha
112,NETO2_NETO2
113,LYSMD3_LYSM3
114,SLITRK3_SLIK3
115,SCGB1A1_Urinary_protein_1
116,MGAT1_MGAT1
117,CST8_CST8
118,AXL_AXL
119,PUF60_PUF60
120,SFTA2_SFTA2
121,POMK_SG196
122,TMEM108_TM108
123,NDUFS4_NDUS4
124,ST3GAL5_SIAT9
125,RAET1L_RET1L
126,CLGN_CLGN
127,HTN3_HIS3
128,APMAP_APMAP
129,TOR1AIP1_TOIP1
130,HTN1_HIS1
131,PLOD3_PLOD3
132,CASC4_CASC4
133,MPZ_MYP0
134,PODXL2_PDXL2
135,LRP2_megalin
136,MSMB_PSP_94
137,PRR16_PRR16
138,MUC1_MUC1
139,SPINK13_ISK13
140,APLP2_APLP2
141,HTATIP2_HTAI2
142,KIAA1324_K1324
143,TINF2_TINF2
144,OLFM3_NOE3
145,ASCC1_ASCC1
146,INSIG1_INSI1
147,GNPTG_GNPTG
148,C1orf185_CA185
149,STX4_STX4
150,SFTPB_SP_B
151,TMX2_TMX2
152,NDUFB4_NDUB4
153,KLRG2_KLRG2
154,WFDC10B_WF10B
155,LRP1_LRP1
156,IGSF11_IGS11
157,COL28A1_COSA1
158,SUDS3_SDS3
159,LRMP_LRMP
160,ST6GALNAC3_SIA7C
161,GNRH2_GON2
162,ZPBP2_ZPBP2
163,CD300LB_CLM7
164,ACE_ACE
165,PSMD5_PSMD5
166,SYK_KSYK
167,HS3ST5_HS3S5
168,GAL3ST2_G3ST2
169,SERPINB1_Serpin_B1
170,PCDHB2_PCDB2
171,CDYL2_CDYL2
172,ADAM7_ADAM7
173,PROK2_Prokineticin_2
174,UCN3_UCN3
175,KERA_KERA
176,GRIA4_GRIA4
177,TMED2_TMED2
178,KLRG2_KLRG2
179,GPR64_GPR64
180,CSGALNACT2_CGAT2
181,CLEC4G_CLC4G
182,LRRC52_LRC52
183,CD300E_CLM2
184,SERPINH1_Collagen_binding_protein
185,KLRB1_KLRB1
186,CD1A_CD1A
187,HABP4_HABP4
188,PILRA_PILRA_isoform_FDF03_M14
189,TOMM20L_TO20L
190,SMPD1_ASM
191,VSIG10_VSI10
192,LINGO3_LIGO3
193,EFCAB14_K0494
194,B4GALT6_B4GT6
195,HHIP_HHIP
196,A4GNT_A4GCT
197,GCNT4_GCNT4
198,SIGLEC15_SIG15
199,BTNL3_BTNL3
200,EBI3_IL27B
201,HNRNPDL_HNRDL
202,SMEK1_P4R3A
203,BRAT1_BRAT1
204,FAM163B_F163B
205,DSC1_Desmocollin_1
206,C6orf89_CF089
207,MRAP2_MRAP2
208,LCTL_LCTL
209,OSMR_OSMR
210,TMPRSS11B_TM11B
211,STMN2_STMN2
212,ASPRV1_APRV1
213,STX8_STX8
214,NTM_NTRI
215,GALNT13_GLT13
216,CEACAM4_CEAM4
217,PLA2R1_PLA2R
218,GNGT2_GBGT2
219,CYB5D2_NEUFC
220,CALN1_CABP8
221,CD58_sLFA_3
222,PLEKHA4_PKHA4
223,SRL_SRCA
224,STX6_Syntaxin_6
225,PLD3_PLD3
226,RPLP2_RLA2
227,CLEC2A_CLC2A
228,CLEC10A_CLC10
229,GCSH_GCSH
230,BET1L_BET1L
231,RARRES3_TIG3
232,SPINK7_ISK7
233,MUCL1_MUCL1
234,UCMA_UCMA
235,GH2_SOM2
236,NRG3_NRG3
237,LRRK2_LRRK2
238,BGLAP_Osteocalcin
239,IL5_IL_5
240,CLC_LPPL
241,N6AMT1_HEMK2
242,PDXK_PDXK
243,TLR4_TLR4
244,REG4_REG4
245,HSPB1_HSP_27
246,CHI3L1_YKL_40
247,ENO1_Alpha_enolase
248,TENM3_TEN3
249,SVEP1_SVEP1
250,TMEM119_TM119
251,TMEM167A_KISHA
252,C11orf87_CK087
253,SPATA20_SPT20
254,RAB17_RAB17
255,NAT14_NAT14
256,SPG21_SPG21
257,TRIO_TRIO
258,TMEM132C_T132C
259,BMP15_BMP15
260,CACNB4_CACB4
261,MTRF1L_RF1ML
262,MRPL55_RM55
263,CSF2RB_IL3RB
264,RUNX3_RUNX3
265,COL1A1_CO1A1
266,ANGPTL1_ANGL1
267,OLFM3_NOE3
268,DEFB116_DB116
269,KIAA1549L_K154L
270,TBX22_TBX22
271,TREML1_TRML1
272,TLR1_TLR1
273,KLK13_kallikrein_13
274,NFE2L1_NF2L1
275,COL6A5_CO6A5
276,CCDC64_BICR1
277,RNF122_RN122
278,SPG20_SPG20
279,EQTN_EQTN
280,FAM162B_F162B
281,TENM2_TEN2
282,MTMR1_MTMR1
283,MEGF10_MEG10
284,FLNA_filamin_A
285,MILR1_MILR1
286,THSD7A_THS7A
287,LPCAT2_PCAT2
288,KRT5_K2C5
289,SVEP1_SVEP1
290,TSSK1B_TSSK1
291,SMARCC1_SMRC1
292,GCH1_GCH1
293,TMEM52_TMM52
294,CLEC12A_CL12A
295,YME1L1_YMEL1
296,TINAGL1_TINAL
297,HNF1A_HNF1A
298,SIT1_SIT1
299,COL6A3_Collagen_alpha_3_VI_
300,CREB3L1_CR3L1
301,PUS1_TRUA
302,TBX5_TBX5
303,CXADR_CXAR
304,ITGB7_Integrin_beta_7
305,MSR1_Macrophage_scavenger_receptor
306,NAGPA_NAGPA
307,TBCE_TBCE
308,TXNDC5_TXND5
309,DNAJB9_DNJB9
310,CDH15_CAD15
311,CTBP1_CTBP1
312,TPMT_TPMT
313,FGFBP3_FGFP3
314,C10orf105_CJ105
315,TMEM154_TM154
316,UBE3A_UBE3A
317,TBL2_TBL2
318,RIC3_RIC3
319,ERN1_ERN1
320,FDX1L_ADXL
321,PCOLCE_PCOC1
322,TMPRSS6_TMPS6
323,ASL_ARLY
324,TGM1_TGM1
325,ADGRF1_GPR110
326,NAGS_NAGS
327,UROS_HEM4
328,LRCH4_LRCH4
329,PAPLN_PPN
330,QDPR_DHPR
331,MADCAM1_MAdCAM_1
332,SUN5_SPA4L
333,TRABD_TRABD
334,CASQ1_CASQ1
335,XDH_XDH
336,ALDH1A1_Retinal_dehydrogenase_1
337,SELPLG_SELPL
338,CHCHD10_CHC10
339,GSTT2B_GSTT2
340,LRP1B_LRP1B
341,ATF6_ATF6A
342,COL11A2_COL11A2
343,GABBR1_GABR1
344,GAD1_DCE1
345,GRB7_GRB7
346,DCAF5_DCAF5
347,LAIR1_LAIR1
348,VIMP_SELS
349,CYB5A_Cytochrome_b5
350,NT5C2_5NTC
351,CSNK1D_KC1D
352,SCARA3_SCAR3
353,LRRN1_LRRN1
354,NOTCH2_NOTC2
355,SORT1_SORT
356,TNR_TENR
357,SAMHD1_SAMH1
358,WWP1_WWP1
359,CREB3L4_CR3L4
360,RAG1_RAG_1
361,PMS2_PMS2
362,PCBD1_PHS
363,PPM1D_PPM1D
364,MRE11A_MRE11
365,CHFR_CHFR
366,PXDNL_PXDNL
367,BTG2_BTG2
368,CLK2_CLK2
369,USB1_USB1
370,CSNK2B_CSK2B
371,ARHGAP25_RHG25
372,LILRB3_LIRB3
373,FANCF_FANCF
374,BLK_BLK
375,PLXDC2_PXDC2
376,TALDO1_Transaldolase
377,P4HA2_P4HA2
378,STUB1_CHIP
379,NHEJ1_NHEJ1
380,TTN_TITIN
381,PLCB1_Phospholipase_C_beta_1
382,EIF5A2_IF5A2
383,DGCR14_DGC14
384,GRB10_GRB10
385,RRM1_RRM1
386,TYMP_TP
387,AQP4_AQP4
388,MFN1_MFN1
389,TENM4_TEN4
390,AK2_KAD2
391,ADH5_ADHX
392,INPP5E_INP5E
393,GPR101_GP101
394,ZNF18_ZNF18
395,FOXL2_FOXL2
396,ADH7_ADH7
397,SYK_KSYK
398,RBM24_RBM24
399,PRPS1_PRPS1
400,BLVRA_BIEA
401,KRT7_Keratin_7
402,ATF6B_ATF6B
403,WFDC2_HE4
404,CA8_Carbonic_Anhydrase_VIII
405,MVK_MVK
406,PTK2B_FAK2
407,DNAI1_DNAI1
408,RNF146_RN146
409,KMT2C_KMT2C
410,CARD9_CARD9
411,ACAD8_ACAD8
412,PLSCR3_PLS3
413,FBXL4_FBXL4
414,EHD4_EHD4
415,DLX3_DLX3
416,FAH_FAAA
417,RUFY1_RUFY1
418,PDLIM1_PDLI1
419,HNRNPC_hnRNP_C1_C2
420,DTX1_DTX1
421,RECQL_RECQ1
422,PQBP1_PQBP1
423,TCTN2_TECT2
424,INA_AINX
425,DNAJB2_DNJB2
426,RHPN2_RHPN2
427,SOCS3_SOCS_3
428,PYGL_PYGL
429,DNER_DNER
430,POLR3F_RPC6
431,GALK1_GALK1
432,CAPZA1_CAZA1
433,EIF3G_EIF3G
434,MAGEB10_MAGBA
435,GALE_GALE
436,PCBP1_PCBP1
437,ELL_ELL
438,RBFOX2_RBM9
439,RELB_RELB
440,GPR135_GP135
441,RBM19_RBM19
442,VPS4A_VPS4A
443,ALDH3A1_Aldehyde_dehydrogenase__class_3
444,HAVCR2_TIMD3
445,ZNF174_ZN174
446,UBL4A_UBL4A
447,DYNLL2_DYL2
448,ELL2_ELL2
449,APOL1_Apo_L1
450,CD38_CD38
451,CD59_CD59
452,FABP1_FABPL
453,HMBS_HEM3
454,C10orf54_GI24
455,LRIT3_LRIT3
456,MYSM1_MYSM1
457,TFR2_TFR2
458,MLYCD_DCMC
459,ATP5J2_ATPK
460,FOXO3_FOXO3A
461,TMEM230_TM230
462,LIMA1_LIMA1
463,PHF3_PHF3
464,CYGB_CYGB
465,MUSK_MUSK
466,CDC25A_MPIP1
467,ISL1_ISL1
468,HMG20B_HM20B
469,ARFGAP1_ARFG1
470,SMURF1_SMUF1
471,NFATC4_NFAC4
472,POLE2_DPOE2
473,SYTL4_SYTL4
474,ZNF23_ZNF23
475,KRT72_Keratin_72
476,ZNF10_ZNF10
477,FKBP1B_FKB1B
478,BCAP29_BAP29
479,KLRC3_NKG2E
480,DNM2_DYN2
481,SRSF6_SRSF6
482,DNAJA2_DNJA2
483,MGA_MGAP
484,RBM23_RBM23
485,PRC1_PRC1
486,ELAVL1_ELAV1
487,CXCL9_MIG
488,ZNF75D_ZN75D
489,DHX8_DHX8
490,DNAJB6_DNJB6
491,BRD1_BRD1
492,MAP1LC3B_MLP3B
493,ERH_ERH
494,DAPP1_DAPP1
495,HSF1_HSF1
496,ITGAL_LFA_1_alpha_L_chain
497,MYB_MYB
498,UBE2V1_UB2V1
499,AHSA1_AHSA1
500,RGS10_RGS10
501,TAGLN2_Transgelin_2
502,B3GALT2_B3GT2
503,DTX3L_DTX3L
504,P4HA1_P4HA1
505,CHST9_Carbohydrate_sulfotransferase_9
506,FZD10_Frizzled_10
507,SMAP1_SMAP1
508,SLC6A9_SC6A9
509,NRSN1_NRSN1
510,EVL_EVL
511,SOCS7_SOCS7
512,CLINT1_EPN4
513,NLRP1_NALP1
514,ARFGAP2_ARFG2
515,RGS8_RGS8
516,TNS2_TENC1
517,SLCO5A1_SO5A1
518,BRPF1_BRPF1
519,KIF16B_KI16B
520,ZDHHC14_ZDH14
521,GJD2_CXD2
522,AGFG1_NUPL
523,TXNIP_TXNIP
524,GGA3_GGA3
525,ANAPC7_APC7
526,SHC4_SHC4
527,CRABP2_RABP2
528,PTP4A2_TP4A2
529,LCN1_LCN1
530,CPT1B_CPT1B
531,POU2F1_PO2F1
532,LRIT2_LRIT2
533,JAK2_JAK2
534,PPARGC1A_PRGC1
535,RORC_RORG
536,TNFRSF18_GITR
537,PIEZO1_FA38A
538,PCDHGB1_PCDGD
539,DLX4_DLX4
540,LRRC4B_LRC4B
541,AAGAB_P34
542,INTS3_INT3
543,IGDCC3_IGDC3
544,ARHGAP1_RHG01
545,CRABP1_RABP1
546,S100A2_S100A2
547,PTPRH_PTPRH
548,EMC1_EMC1
549,TJP1_ZO1
550,CD7_CD7
551,PTS_PTPS
552,CBL_CBL
553,TPK1_TPK1
554,BPGM_PMGE
555,SMAD4_SMAD4
556,DES_Desmin
557,BUB1_BUB1
558,CAP1_CAP_1
559,HSPA1L_HS71L
560,TARDBP_TADBP
561,RPS6KA1_KS6A1
562,EEF2K_EF2K
563,RPIA_RPIA
564,SHMT1_cSHMT
565,EGFLAM_EGFLA
566,AARS_SYAC
567,DUSP6_DUS6
568,ACAP2_CENB2
569,ANAPC10_APC10
570,CCM2_CCM2
571,SARS2_SYSM
572,ETS2_ETS2
573,ARRDC3_ARRD3
574,MRRF_RRFM
575,SRI_Sorcin
576,SNAP29_SNP29
577,IGBP1_IGBP1
578,RRAS2_RRAS2
579,TRIB2_TRIB2
580,RUVBL1_RUVB1
581,CRYGD_CRGD
582,TMEM57_MACOI
583,KAT2B_PCAF
584,APOF_Apo_F
585,TRA2B_TRA2B
586,PAFAH1B3_PA1B3
587,CDKN2D_p19_INK4d
588,TAPBP_TPSN
589,CBR1_CBR1
590,DDX58_DDX58
591,COPS7B_CSN7B
592,CAPN3_CAN3
593,RNPEP_AMPB
594,PDLIM4_PDLI4
595,ORC6L_ORC6
596,PDZD7_PDZD7
597,ARL1_ARL1
598,C16orf54_CP054
599,DARS2_SYDM
600,HIBCH_HIBCH
601,PAX4_PAX4
602,CCDC50_CCD50
603,UBE2T_UBE2T
604,STAMBPL1_STALP
605,RAB39B_RB39B
606,DIRAS3_ARHI
607,RAB22A_RB22A
608,RAB7B_RAB7B
609,MAX_MAX
610,EDF1_EDF1
611,TPRKB_TPRKB
612,GPD1L_GPD1L
613,ALOX15B_LX15B
614,A1CF_A1CF
615,THYN1_THYN1
616,ARF6_ARF6
617,MOB1A_MOL1B
618,CDC25B_MPIP2
619,LYPLAL1_LYPL1
620,PAIP1_PAIP1
621,PELO_PELO
622,CACYBP_CYBP
623,ARL11_ARL11
624,IST1_K0174
625,GSTO1_GST_omega_1
626,ULK3_ULK3
627,MPG_3MG
628,IRF9_ISGF3
629,RHOD_RHOD
630,NR5A2_NR5A2
631,ANKRD27_ANR27
632,PPIH_PPIH
633,PMVK_PMVK
634,BACH1_BACH1
635,SUV420H2_SV422
636,NXF1_NXF1
637,NTMT1_NTM1A
638,MYNN_MYNN
639,PFKFB3_F263
640,ADI1_MTND
641,CHP1_CHP1
642,PLEKHA1_PKHA1
643,PSMA7_PSA7
644,SIRT5_SIRT5
645,SETMAR_SETMR
646,KLHL13_KLH13
647,HNRNPA1_ROA1
648,MAPRE1_MARE1
649,STAU1_STAU1
650,KCTD5_KCTD5
651,CLIC5_CLIC5
652,TIGAR_TIGAR
653,TSN_TSN
654,RPL30_RL30
655,PRKAR1B_KAP1
656,OTUD5_OTUD5
657,BPTF_BPTF
658,RORB_RORB
659,PITPNB_PIPNB
660,GLRX2_GLRX2
661,MCTS1_MCTS1
662,LAMTOR3_LTOR3
663,OTUB2_OTUB2
664,GABARAPL2_GBRL2
665,NUDT16L1_SDOS
666,TAX1BP3_TX1B3
667,SH3GL2_SH3G2
668,UBA2_SAE2
669,TBCA_TBCA
670,GPR68_SPR1
671,LMOD1_LMOD1
672,ITPKC_IP3KC
673,VPS24_CHMP3
674,COMMD1_COMD1
675,STAP1_STAP1
676,SLC41A2_S41A2
677,GLTP_GLTP
678,METTL1_METTL1
679,UCK2_UCK2
680,TEAD4_TEAD4
681,PDCD5_TFAR19
682,PBRM1_PB1
683,CDKN2C_CDN2C
684,RAD23B_RD23B
685,SAT2_SAT2
686,THRA_THA
687,WRNIP1_WRIP1
688,FKBP6_FKBP6
689,CKS1B_CKS_1
690,ERVV_1_ERVV1
691,CDC34_UB2R1
692,CYTH2_CYH2
693,CALCOCO2_CACO2
694,XRCC1_XRCC1
695,MTMR6_MTMR6
696,PURA_PURA
697,RGS7_RGS7
698,RHOG_RHOG
699,ZNF560_ZN560
700,SMTN_SMTN
701,RRAGC_RRAGC
702,HPGDS_PTGD2
703,ITCH_ITCH
704,VRK1_VRK1
705,RAD51L3_RA51D
706,UBE2C_UBE2C
707,NOVA1_NOVA1
708,UBASH3B_UBS3B
709,NT5C_NT5C
710,PKN1_PKN1
711,TNFAIP8_TFIP8
712,NIP7_NIP7
713,KEAP1_KEAP1
714,CCT5_TCP_1_epsilon
715,ARL3_ARL3
716,EFS_EFS
717,TRIM3_TRIM3
718,EDN2_Endothelin_2
719,MTHFD1_C1TC
720,MAGEA3_MAGE_3
721,FEN1_FLAP_endonuclease_1
722,ARF3_ARF3
723,PSMB5_PSB5
724,IMPA2_IMPA2
725,ARAF_ARAF
726,ERCC1_ERCC1
727,ARL2_ARL2
728,OPHN1_Oligophrenin_1
729,PDRG1_PDRG1
730,GCA_GRAN
731,TMOD1_TMOD1
732,ATG5_Autophagy_protein_5
733,FERMT3_URP2
734,PABPC4_PABP4
735,SCMH1_SCMH1
736,EXOSC3_Exosome_component_3
737,PSMB1_PSB1
738,NRBP1_NRBP
739,STK24_STK24
740,AKR1C1_Aldo_keto_reductase_1C1
741,PPM1A_Protein_phophatase_2Ca
742,SEPT11_Septin_11
743,PPP2R1A_PP2AAA
744,ASH1L_ASH1L
745,JARID2_JARD2
746,KLHL7_KLHL7
747,SENP7_SENP7
748,ATG7_ATG7
749,LANCL2_LANC2
750,ARFIP2_ARFP2
751,NAT1_ARY1
752,PTPN9_PTN9
753,BCAR3_BCAR3
754,TRDMT1_TRDMT
755,SMYD2_SMYD2
756,CRAT_CACP
757,INPP5B_I5P2
758,ARRB1_ARRB1
759,ADSS_PURA2
760,RPE_RPE
761,SETD2_SETD2
762,GNAI3_GNAI3
763,PDK2_PDK2
764,AHCYL1_SAHH2
765,CSNK1G2_CSNK1G2
766,NAPB_SNAB
767,KLC1_KLC1
768,TSTA3_FCL
769,PANK3_PANK3
770,OLA1_GTPB9
771,GABARAPL1_GBRL1
772,ECH1_ECH1
773,TST_THTR
774,PTPN13_PTN13
775,ILF2_ILF2
776,GDA_GUAD
777,VPS4B_VPS4B
778,HECW1_HECW1
779,RAD1_RAD1
780,SULT1B1_ST1B1
781,DARS_SYDC
782,PACSIN1_PACN1
783,FLII_FLII
784,SNRPA_SNRPA
785,USP21_UBP21
786,CCBL2_KAT3
787,DPYSL5_DPYL5
788,SCIN_ADSV
789,HOMER2_HOME2
790,MPST_THTM
791,DECR1_DECR
792,RPS6KA6_KS6A6
793,ARPC1B_ARC1B
794,SEPT10_SEP10
795,SHMT2_GLYM
796,DOT1L_DOT1L
797,SH3BGRL_SH3L1
798,DIMT1_DIM1
799,KLHL12_KLH12
800,PRMT3_ANM3
801,PIP4K2A_PI42A
802,KPNA4_IMA4
803,CCT8_TCP_1_theta
804,ACLY_ACLY
805,EIF1B_EIF1B
806,PELI2_PELI2
807,NEK7_NEK7
808,SH2D3C_SH2D3
809,HERC1_HERC1
810,CDC42BPA_MRCKA
811,DPYSL3_DPYL3
812,L3MBTL2_LMBL2
813,H1FX_H1X
814,GJA8_CXA8
815,HMG20A_HM20A
816,RGS19_RGS19
817,AP1G2_AP1G2
818,DCP1B_DCP1B
819,ZNF175_ZN175
820,TOX3_TOX3
821,PIN4_PIN4
822,UBQLN4_UBQL4
823,TAX1BP1_TAXB1
824,CIRBP_CIRBP
825,RFXAP_RFXAP
826,PTGFRN_FPRP
827,PSMG3_PSMG3
828,NDC80_KNTC2
829,PLEKHA7_PKHA7
830,MPP7_MPP7
831,KIF22_KIF22
832,CSDE1_CSDE1
833,PLS1_PLSI
834,NISCH_NISCH
835,FEV_FEV
836,TMEM8B_TMM8B
837,BAG5_BAG5
838,CYTH4_CYH4
839,RBM3_RBM3
840,BRDT_BRDT
841,ITGB2_LFA_1_beta_2
842,ZHX1_ZHX1
843,APBB2_APBB2
844,CSDC2_CSDC2
845,BACH2_BACH2
846,GRID2_GRID2
847,ILF3_DRBP76
848,ZNF774_ZN774
849,APBB2_APBB2
850,ZNF334_ZN334
851,ELMO1_ELMO1
852,GPR142_GP142
853,PPP1R3B_PPR3B
854,ZNF180_ZN180
855,NUP98_NUP98
856,HCN1_HCN1
857,HMGB3_HMGB3
858,SF1_SF01
859,PRDM4_PRDM4
860,TARBP2_TRBP2
861,HNRNPM_HNRPM
862,APBB3_APBB3
863,ZBTB33_KAISO
864,GPCPD1_GDE5
865,ZNF134_ZN134
866,CCDC101_SGF29
867,CCDC51_CCD51
868,PIWIL1_PIWL1
869,NLRP4_NALP4
870,ZNF566_ZN566
871,NUDT3_NUDT3
872,SLC4A8_S4A8
873,DNAJC27_DJC27
874,TPPP2_TPPP2
875,IRF2_IRF2
876,ZNF329_ZN329
877,GMEB2_GMEB2
878,ARHGAP30_RHG30
879,CARHSP1_CHSP1
880,ZNF415_ZN415
881,ACYP2_ACYP2
882,EHBP1_EHBP1
883,RNPC3_RBM40
884,IARS_SYIC
885,GEM_GEM
886,SLC14A2_UT2
887,GRAP_GRAP
888,NLRP10_NAL10
889,APBB1_APBB1
890,APPL1_DP13A
891,SLC5A5_SC5A5
892,RGS3_RGS3
893,SAP18_SAP18
894,TESC_TESC
895,ASH2L_ASH2L
896,KCNF1_KCNF1
897,PYDC1_PYDC1
898,DUSP15_DUS15
899,STX10_STX10
900,ZNF410_ZN410
901,BAG4_BAG4
902,SNX17_SNX17
903,FBXL5_FBXL5
904,RNGTT_MCE1
905,ARHGEF2_ARHG2
906,GSKIP_GSKIP
907,POLM_DPOLM
908,TMOD2_TMOD2
909,TEAD3_TEAD3
910,CASS4_CT032
911,TMEM237_TM237
912,ECI2_PECI
913,ARPP21_cAMP_regulated_phosphoprotein_21
914,TMOD3_TMOD3
915,NEDD9_CASL
916,NIPAL4_NIPA4
917,DYNLT3_DYLT3
918,DDX6_DDX6
919,TWF1_TWF1
920,CNGA2_CNGA2
921,SPN_LEUK
922,UBTD2_UBTD2
923,SPEF1_SPEF1
924,OSBPL11_OSB11
925,RBL1_p107
926,SV2A_SV2A
927,RDH16_RDH16
928,PARP11_PAR11
929,NR1D2_NR1D2
930,SAP30_SAP30
931,MICALL2_MILK2
932,SYTL1_SYTL1
933,IFI16_IP16
934,PAXIP1_PAXI1
935,DGKB_DGKB
936,CUBN_cubilin
937,KRT17_Keratin_17
938,AXIN2_AXIN2
939,NR3C2_MCR
940,ENOX1_ENOX1
941,HERC5_HERC5
942,RLBP1_RLBP1
943,POLR1C_RPAC1
944,ALDH3B1_AL3B1
945,RAB18_RAB18
946,PPARA_PPARa
947,KIAA1279_KBP
948,UQCRB_UCR6
949,GCK_HXK4
950,GPR107_GP107
951,CSRP2_CSRP2
952,STAU2_STAU2
953,KRT20_Keratin_20
954,SORBS3_Vinexin_b
955,RBM22_RBM22
956,LIN7C_LIN7C
957,SRSF7_SRSF7
958,EWSR1_EWS
959,MAP3K3_MAP3K3
960,CUL9_CUL9
961,NPLOC4_NPL4
962,LCN10_LCN10
963,RPS10_RS10
964,PARK2_PRKN2
965,TP53I11_P5I11
966,FRS2_FRS2
967,CBX7_CBX7
968,BECN1_BECN1
969,PPP1R8_PP1R8
970,TRAF4_TRAF4
971,KCNA10_KCA10
972,ATAD2_ATAD2
973,TSG101_TS101
974,SLC6A14_S6A14
975,PSD_PSD1
976,SLC6A16_S6A16
977,RFK_RIFK
978,GMFG_GMFG
979,EDC4_EDC4
980,PRKG1_KGP1B
981,CCS_CCS
982,ANP32A_AN32A
983,FXR1_FXR1
984,CETN2_CETN2
985,UNC45A_UN45A
986,VARS_SYVC
987,GLP1R_GLP1R
988,BTC_BTC
989,HIF1A_HIF_1a
990,S100A6_S100A6
991,SECTM1_SECTM1
992,RSPO3_RSPO3
993,REG1A_PSP
994,BCL2L2_Apoptosis_regulator_Bcl_W
995,FIGF_VEGF_D
996,SOST_SOST
997,FAM3D_FAM3D
998,EFNB1_EFNB1
999,SNAP25_SNP25
1000,LYPD3_LYPD3
1001,NEGR1_NEGR1
1002,BCL6_BCL6
1003,FSTL1_FSTL1
1004,SPP1_Osteopontin
1005,LUM_Lumican
1006,CD177_CD177
1007,SMOC1_SMOC1
1008,SERPINA10_protein_Z_inhibitor
1009,FLRT2_FLRT2
1010,FLRT3_FLRT3
1011,ISLR2_ISLR2
1012,VTN_Vitronectin
1013,DSC2_DSC2
1014,LDLR_LDLR
1015,HK2_HXK2
1016,HK1_HXK1
1017,SEMA5A_SEM5A
1018,LTBP4_LTBP4
1019,MDM2_MDM2
1020,MDM4_MDM4
1021,IGHG2_IgG2__Kappa
1022,IGHG4_IgG4__Kappa
1023,WNT3A_WNT3A
1024,SHANK1_SHAN1
1025,SHANK3_SHAN3
1026,WNT5A_WNT5A
1027,DEFB113_DB113
1028,SYNGR3_SNG3
1029,CYB561D1_C56D1
1030,C5orf63_YD286
1031,B4GALT1_B4GT1
1032,FH_FUMH
1033,RNF34_RNF34
1034,EHF_EHF
1035,PCSK1_NEC1
1036,ATP1B1_AT1B1
1037,DERL1_DERL1
1038,DEFB4A_HBD_2
1039,RELL1_RELL1
1040,ETV5_ETV5
1041,SPINK2_ISK2
1042,RNF41_RNF41
1043,WFDC6_WFDC6
1044,TMEM132D_T132D
1045,TMEM167B_KISHB
1046,ENOX2_ENOX2
1047,FAM213A_CJ058
1048,MAN1C1_MA1C1
1049,WFDC10A_WF10A
1050,SLC14A1_UT1
1051,FAM159A_F159A
1052,PARVA_PARVA
1053,IL20RB_IL_20_Rb
1054,MAZ_MAZ
1055,CHRD_CHRD
1056,IQCF3_IQCF3
1057,DIXDC1_DIXC1
1058,SPRN_SPRN
1059,SF3B4_SF3B4
1060,USP8_UBP8
1061,FNDC4_FNDC4
1062,SMIM13_SIM13
1063,MRPL33_RM33
1064,ELF5_ELF5
1065,TOR4A_CI167
1066,CHAD_CHAD
1067,PXDN_PXDN
1068,NRAC_NRAC
1069,RCAN1_CCP1
1070,NEURL4_NEUL4
1071,PTH1R_PTH1R
1072,HDHD2_HDHD2
1073,ITPKA_IP3KA
1074,GSTK1_GSTK1
1075,UBE2D4_UB2D4
1076,KIN_KIN17
1077,LTB4R_LT4R1
1078,FAM171A2_F1712
1079,TCEA2_TCEA2
1080,CNOT1_CNOT1
1081,COL1A1_CO1A1
1082,TMEM87B_TM87B
1083,PKD2_PKD2
1084,UNC93B1_UN93B
1085,ARFIP1_ARFP1
1086,MPP6_MPP6
1087,PDE6D_PDE6D
1088,HSPA9_HSPA9B
1089,GRID1_GRID1
1090,CERS5_CERS5
1091,HCAR2_HCAR2
1092,HMGCS1_HMCS1
1093,EIF3J_EIF3J
1094,MIOX_MIOX
1095,F8_Coagulation_Factor_VIII
1096,SLC35G2_S35G2
1097,SLC26A11_S2611
1098,ARL6IP5_PRAF3
1099,DUS2_DUS2L
1100,TRADD_TRADD
1101,SCAMP5_SCAM5
1102,ATP2A3_AT2A3
1103,SATB1_SATB1
1104,HNRNPR_HNRPR
1105,PIAS3_PIAS3
1106,RAB35_Rab_1C
1107,RPRD1A_RPR1A
1108,EMC4_TMM85
1109,PTCHD3_PTHD3
1110,ASAP2_ASAP2
1111,ARHGEF25_ARHGP
1112,VSNL1_VISL1
1113,HS6ST2_H6ST2
1114,KCNG4_KCNG4
1115,SSB_LA
1116,NAP1L2_NP1L2
1117,UTS2R_UR2R
1118,CNEP1R1_NEPR1
1119,MYOM2_MYOM2
1120,COL4A3BP_C43BP
1121,POLI_POLI
1122,KCNN1_KCNN1
1123,GPR26_GPR26
1124,MYCT1_MYCT1
1125,HMHA1_HMHA1
1126,EIF1AD_EIF1A
1127,HTR7_5HT7R
1128,PPAPDC1A_PPC1A
1129,ADAM29_ADA29
1130,SWAP70_SWP70
1131,DCUN1D3_DCNL3
1132,REPIN1_REPI1
1133,HTR2A_5HT2A
1134,PVRL3_Nectin_3
1135,HTR6_5HT6R
1136,ACBD7_ACBD7
1137,RBL2_p130
1138,SSU72_SSU72
1139,DPYSL2_DPYL2
1140,PSMD4_PSMD4
1141,HDLBP_VIGLN
1142,PSMD11_PSD11
1143,ARPC3_p21_ARC
1144,RND1_RND1
1145,DVL2_DVL2
1146,U2AF2_U2AF2
1147,ABLIM3_ABLM3
1148,UAP1_Sperm_associated_antigen_2
1149,APAF1_Apaf_1
1150,RACGAP1_RGAP1
1151,ANXA9_ANXA9
1152,APBB3_APBB3
1153,REXO2_ORN
1154,PRIM1_PRI1
1155,GGA1_GGA1
1156,THTPA_THTPA
1157,RAB27B_RB27B
1158,RAB31_RAB31
1159,RABEPK_RABEK
1160,NHP2L1_NH2L1
1161,RFESD_RFESD
1162,NEURL1_NEUL1
1163,ANXA10_ANX10
1164,GTF2I_GTF2I
1165,MAGEA10_MAGE_10
1166,CYTIP_CYTIP
1167,AK5_Adenylate_kinase_isoenzyme_5
1168,CREBBP_CREB_binding_protein
1169,NCK2_NCK2
1170,MAD1L1_MD1L1
1171,ASNA1_ASNA
1172,AP2A2_AP2A2
1173,PPP2R5A_2A5A
1174,MLL2_MLL2
1175,NADK_NADK
1176,SSB_LA
1177,GRB14_GRB14
1178,ATG4B_ATG4B
1179,RBBP5_RB_binding_protein_5
1180,ZYX_Zyxin
1181,PIR_PIR
1182,NAP1L1_NP1L1
1183,USO1_USO1
1184,IFIT3_CIG49
1185,HGS_HGS
1186,DHX38_PRP16
1187,KCNIP1_KCIP1
1188,ZFP91_ZFP91
1189,TOM1L1_TM1L1
1190,MACROD1_MACD1
1191,ROCK2_ROCK2
1192,NCL_Nucleolin
1193,PNKP_PNKP
1194,PDGFC_PDGF_CC
1195,ATP13A1_AT131
1196,PPP2R3A_PP2A__subunit_B
1197,CA10_Carbonic_Anhydrase_X
1198,FGFR3_FGFR_3
1199,ELANE_Elastase
1200,HSPA6_HSP76
1201,CCT7_TCPH
1202,INHBB_Inhibin_bB_chain
1203,NAB2_NAB2
1204,CSNK2A2_CSK22
1205,CSF1R_M_CSF_R
1206,CLCNKB_CLCKB
1207,IL5RA_IL_5_Ra
1208,CAPSL_CAPSL
1209,ODC1_Ornithine_decarboxylase
1210,SLC5A8_SC5A8
1211,WISP1_WISP_1
1212,CRLF2_TSLP_R
1213,GPD1_GPDA
1214,KIAA0319L_K319L
1215,ANXA2_annexin_II
1216,HMGCS2_HMCS2
1217,CLTC_CLH1
1218,SEC22A_SC22A
1219,FCN2_FCN2
1220,PAK4_PAK4
1221,PRTN3_Proteinase_3
1222,FGF19_FGF_19
1223,CD80_B7
1224,SPOP_SPOP
1225,ERP29_ERP29
1226,SFXN5_SFXN5
1227,IL12B_IL_12_p40
1228,RAP1GAP_RPGP1
1229,INHBA_Inhibin_bA_chain
1230,13740_51_FRZB_sFRP_3.txt(1).gz
1231,FRZB_sFRP_3
1232,CUL4B_CUL4B
1233,IL3RA_IL_3_Ra
1234,PKD2_PKD2
1235,CCL8_MCP_2
1236,RMI1_RMI1
1237,CROT_OCTC
1238,APOBEC3G_ABC3G
1239,PSMD9_PSMD9
1240,ARHGEF7_COOL_1
1241,NAB1_NAB1
1242,MCF2L_MCF2L
1243,PGK2_PGK2
1244,CAND1_CAND1
1245,UGP2_UGPA1
1246,IFI16_IP16
1247,FARS2_SYFM
1248,SPSB1_SPSB1
1249,DPY30_DPY30
1250,SULT1A3_SULT_1A3
1251,DDX23_DDX23
1252,NUDT12_NUD12
1253,GABBR2_GABR2
1254,COL4A3BP_C43BP
1255,GNPNAT1_GNA1
1256,DAPK1_DAPK1
1257,RBM46_RBM46
1258,LAP3_LAP
1259,AGAP3_AGAP3
1260,KIF3A_KIF3A
1261,TOLLIP_tollip
1262,MYOM3_MYOM3
1263,TXNRD1_Thioredoxin_reductase_1
1264,KPNA6_IMA7
1265,HSD17B14_DHB14
1266,TTL_TTL
1267,PPFIA1_LIPA1
1268,ARHGEF1_ARHG1
1269,BARD1_BARD1
1270,TBX3_Tbx3
1271,SLC26A7_S26A7
1272,RGS18_RGS18
1273,CRYZ_QOR
1274,DDX25_DDX25
1275,SMURF2_SMUF2
1276,LANCL1_LANC1
1277,NMRAL1_NMRL1
1278,PC_pyruvate_carboxylase
1279,EIF4G3_IF4G3
1280,NSF_NSF
1281,EPB41L1_E41L1
1282,FBL_FBRL
1283,PPCDC_COAC
1284,ADSSL1_PURA1
1285,DOCK9_DOCK9
1286,CHD7_CHD7
1287,GNMT_GNMT
1288,PAPSS1_PAPS1
1289,DCP1A_DCP1A
1290,TNFAIP3_TNFAIP3
1291,S100A11_S100A11
1292,DHX58_LGP2
1293,TANK_TANK
1294,EVPL_EVPL
1295,MED4_MED4
1296,EDA_EDA
1297,TNFRSF9_4_1BB
1298,IL17F_IL_17F
1299,PIK3C2A_P3C2A
1300,COPS2_CSN2
1301,TACSTD2_GA733_1_protein
1302,TIAM1_TIAM1
1303,MPDZ_MPDZ
1304,RANBP3_RANB3
1305,KLK5_kallikrein_5
1306,EEA1_EEA1
1307,NCOA2_NCOA2
1308,BDNF_BDNF
1309,IL1RAP_IL_1_R_AcP
1310,FOXC2_FOXC2
1311,UNC13A_UN13A
1312,IL15RA_IL_15_Ra
1313,CGA_Glycoprotein_hormones_a_chain
1314,NCF4_NCF4
1315,TNFSF11_sRANKL
1316,OSM_OSM
1317,CD5_CD5
1318,MAGI2_MAGI2
1319,PKP2_PKP2
1320,CA4_Carbonic_Anhydrase_IV
1321,ITSN1_ITSN1
1322,14074_2_SHC2_SHC2.txt(1).gz
1323,SHC2_SHC2
1324,CST4_Cystatin_S
1325,IL18R1_IL_18_Ra
1326,TLN2_TLN2
1327,SEPHS1_SPS1
1328,IGFBP6_IGFBP_6
1329,DEF6_DEFI6
1330,CBR3_Carbonyl_reductase_3
1331,FLT3LG_Flt3_ligand
1332,HBEGF_HB_EGF
1333,KLRK1_NKG2D
1334,CARS_SYCC
1335,PSMA4_PSA4
1336,C1QC_C1QC
1337,CNTFR_CNTFR_alpha
1338,RAP1GDS1_GDP_GTP_exchange_protein
1339,MTHFS_MTHFS
1340,THBS2_TSP2
1341,RELT_RELT
1342,PIANP_PIANP
1343,ADM_Adrenomedullin
1344,S100A4_S100A4
1345,RNF43_RNF43
1346,TNFRSF10D_TRAIL_R4
1347,ZNRF3_ZNRF3
1348,C10orf54_GI24
1349,EFNA2_Ephrin_A2
1350,IFNB1_IFN_b
1351,IFNA10_IFN10
1352,IFNA7_IFNA7
1353,EFNB2_EFNB2
1354,HHLA2_HHLA2
1355,IL1R2_IL_1_sRII
1356,AMIGO2_AMGO2
1357,RXFP1_RXFP1
1358,CD93_C1QR1
1359,NRG4_NRG4
1360,HIST2H2BE_H2B2E
1361,HIST3H2A_H2A3
1362,HIST1H3A_H31
1363,IL36B_IL_1F8
1364,IL36A_IL_1F6
1365,ISG15_UCRP
1366,EFNA3_Ephrin_A3
1367,YWHAB_14_3_3_protein_beta_alpha
1368,YWHAE_14_3_3E
1369,ANXA5_Annexin_V
1370,SCP2D1_SCP2D
1371,CDKN3_CDKN3
1372,RFFL_RFFL
1373,PDCL2_PDCL2
1374,PRDM1_PRDM1
1375,ANXA7_ANXA7
1376,FOXJ2_FOXJ2
1377,HEXIM2_HEXI2
1378,APBB1_APBB1
1379,RBP7_RET7
1380,DDX46_DDX46
1381,BHMT2_BHMT2
1382,MYL6B_MYL6B
1383,MOCS3_MOCS3
1384,SNX7_SNX7
1385,DOK2_DOK2
1386,MID2_TRIM1
1387,BLMH_BLMH
1388,PTPN4_PTN4
1389,NET1_ARHG8
1390,SRXN1_SRXN1
1391,RAB6B_RAB6B
1392,PREP_PPCE
1393,RAB14_RAB14
1394,EIF2AK4_E2AK4
1395,NFATC1_NF_ATc1
1396,RAB5C_RAB5C
1397,AGAP2_AGAP2
1398,MBD1_MBD1
1399,HNRNPH1_HNRH1
1400,PPIL2_PPIL2
1401,VPS29_VPS29
1402,SMC3_CSPG6
1403,UBE2E1_UB2E1
1404,DIDO1_DIDO1
1405,DYNLT1_DYLT1
1406,RALA_RALA
1407,RCVRN_RECO
1408,TRAPPC3_TPPC3
1409,FAM69C_FA69C
1410,MSTN_Myostatin
1411,GDF11_GDF_11
1412,FAM210A_F210A
1413,SEMA6C_SEM6C
1414,STAB1_STAB1
1415,KIAA0040_KIAA0040
1416,NCMAP_CA130
1417,KRTAP2_4_KRA24
1418,ZNF382_ZN382
1419,VOPP1_ECOP
1420,ZNF526_ZN526
1421,SUMO3_SUMO3
1422,CTCF_CTCF
1423,FBXO3_FBX3
1424,DUSP16_DUS16
1425,TMEM185A_T185A
1426,LHCGR_LSHR
1427,HRSP12_Ribonuclease_UK114
1428,GSTA4_GSTA4
1429,DNAJC17_DJC17
1430,MZF1_MZF1
1431,RNF8_RNF8
1432,SKIL_SKIL
1433,PACSIN3_PACN3
1434,EIF4B_IF4B
1435,CAPN2_CAN2
1436,AKT2_PKB_beta
1437,PLIN3_M6PBP
1438,PTPN7_PTN7
1439,SEC13_SEC13
1440,ZNF276_ZN276
1441,FIGF_VEGF_D
1442,C8G_CO8G
1443,CST6_Cystatin_M
1444,AZU1_Azurocidin
1445,CRLF1_CRLF1
1446,ARHGAP5_RHG05
1447,IGF2_IGF_II
1448,S100A3_S100A3
1449,NETO1_NETO1
1450,MESDC2_MESD2
1451,CCDC134_CC134
1452,ACRV1_sperm_protein_10
1453,S100A5_S100A5
1454,REG3A_PAP1
1455,SCGN_Secretagogin
1456,IGJ_IgJ
1457,VWC2_VWC2
1458,PRC1_PRC1
1459,AGO1_AGO1
1460,MAD2L1_MD2L1
1461,CLIC4_CLIC4
1462,CUTC_CUTC
1463,TXNL4B_TXN4B
1464,S100A10_Calpactin_I_light_chain
1465,CCNA1_CCNA1
1466,CPLX2_CPLX2
1467,CRADD_CRADD
1468,AGO3_AGO3
1469,FTL_Ferritin_light_chain
1470,GAP43_NEUM
1471,GBP1_GBP1
1472,ROBLD3_MAPIP
1473,RBBP4_RBBP4
1474,SDF2_SDF2
1475,SELM_SELM
1476,CFL2_COF2
1477,KNG1_Kininogen__HMW__Two_Chain
1478,IFNG_IFN_g
1479,HPX_Hemopexin
1480,SCG5_7B2
1481,ANKRD1_ANKR1
1482,APOA5_Apo_A_V
1483,APOC1_Apo_C_I
1484,BAI3_BAI3
1485,BPIFB1_LPLC1
1486,BMPER_BMPER
1487,BOLA1_BOLA1
1488,BRD2_BRD2
1489,GKN1_CA11_protein
1490,CPB1_Carboxypeptidase_B1
1491,CTSE_CATE
1492,DDR2_Discoidin_domain_receptor_2
1493,EDN3_Endothelin_3
1494,KL_KLOTHO
1495,FABP2_FABP2
1496,FABP4_FABPA
1497,NRP2_Neuropilin_2
1498,FCGR3A_FcRIIIa
1499,FXN_FRDA
1500,GAL_Galanin
1501,GAS6_GAS_6
1502,UNC5B_UNC5B
1503,GSTM1_GST_M1_1
1504,GFER_HERV1
1505,ID1_ID_1
1506,ID2_ID2
1507,IFNA21_IFN21
1508,IFNA4_IFNA4
1509,BIRC7_KIAP
1510,LCAT_LCAT
1511,LDHA_LDHA
1512,LYG2_LYG2
1513,SERPINB5_Maspin
1514,MAPK10_MK10
1515,MMP20_MMP20
1516,PMP2_MYP2
1517,NEU1_NEUR1
1518,LOXL3_LOXL3
1519,OPTC_OPT
1520,OTC_OTCase
1521,OTOR_Otoraplin
1522,SRC_p60_Src
1523,PNOC_PNOC
1524,PNP_PNP
1525,RAMP1_RAMP1
1526,RAMP3_RAMP3
1527,RND3_RND3
1528,PCSK2_NEC2
1529,GM2A_SAP3
1530,SERPINB4_SCCA2
1531,NRG1_SMDF
1532,SORD_Sorbitol_dehydrogenase
1533,SQSTM1_SQSTM
1534,TIMD4_TIM_4
1535,NT5E_5__Nucleotidase
1536,AMBP_a1_Microglobulin
1537,ADAM15_ADA15
1538,ANPEP_Aminopeptidase_N
1539,DPP4_CD26
1540,CD8A_CD8A
1541,CNPY4_CNPY4
1542,COL9A1_CO9A1
1543,CTHRC1_CTHR1
1544,CFHR1_FHR1
1545,HEXB_Hexosaminidase_B
1546,PNLIPRP2_LIPR2
1547,LRP11_LRP11
1548,PIN1_PIN1
1549,PLTP_PLTP
1550,REG3G_REG3G
1551,VNN2_VNN2
1552,CAMP_LL_37
1553,A2ML1_A2ML1
1554,AGRN_Agrin
1555,AOC1_ABP1
1556,CES1_carboxylesterase__liver
1557,CD248_CD248
1558,CRIM1_CRIM1
1559,FGFBP1_FGFP1
1560,FOLR3_FOLR3
1561,HS3ST1_HS3S1
1562,ATRN_Attractin
1563,LEFTY2_Lefty_A
1564,LEFTY2_Lefty_A
1565,BIRC7_Livin_B
1566,LRP12_LRP12
1567,NAGLU_NAG
1568,NPTXR_NPTXR
1569,PRSS8_Prostasin
1570,BCHE_Pseudocholinesterase
1571,SAA1_SAA
1572,SAA4_SAA_4
1573,CLSTN1_Alcadein_alpha_1
1574,GLIPR2_GAPR1
1575,ALAD_HEM2
1576,PGAM2_PGAM2
1577,ADH1C_ADH1G
1578,GSS_GSHB
1579,DLD_DLDH
1580,CSRP1_Cysteine_rich_protein_1
1581,EPHB4_EphB4
1582,MSR1_Macrophage_scavenger_receptor
1583,MDH2_Malate_dehydrogenase_2
1584,PRSS27_Marapsin
1585,SLITRK1_SLIK1
1586,VIM_Vimentin
1587,CKMT1A_KCRU
1588,KLK14_kallikrein_14
1589,PPP3R1_Calcineurin_B_a
1590,PHGDH_SERA
1591,ACHE_ACES
1592,AMY2B_Alpha_amylase_2B
1593,ENPEP_AMPE
1594,ANTXR2_ANTR2
1595,TCN2_Apo_TC_II
1596,GUSB_BGLR
1597,MUC16_CA125
1598,CNN1_Calponin_1
1599,CD247_CD3_zeta
1600,COL2A1_Collagen_II
1601,CR2_Complement_receptor_type_2
1602,NCAN_CSPG3
1603,CCNA2_Cyclin_A
1604,RNASE3_ECP
1605,ENPP6_ENPP6
1606,EPHA7_EPHA7
1607,FANK1_FANK1
1608,FCN1_FCN1
1609,FCRLB_FCRLB
1610,CFHR2_FHR2
1611,FBLN5_fibulin_5
1612,FOLR2_FOLR2
1613,GLA_galactosidase__alpha
1614,GC_Gc_Globulin__Mixed_Type
1615,GPX1_Glutathione_peroxidase
1616,HTRA1_HTRA1
1617,HEXIM1_HEXI1
1618,IL6R_IL_6_sRa
1619,ITGA2_Integrin_alpha_2
1620,MAPK9_JNK2
1621,KRT19_Keratin_19
1622,PKLR_KPYR
1623,RPS6KB1_KS6B1
1624,LAP3_LAP
1625,LIN7B_LIN7B
1626,PNLIP_LIPP
1627,LILRA2_LIRA2
1628,LILRB3_LIRB3
1629,XCL2_lymphotactin_beta
1630,MOG_MOG
1631,NLGN1_NLGN1
1632,OPCML_OBCAM
1633,PDCD1_PD_1
1634,HSPG2_Perlecan
1635,AKT1_PKB
1636,PSG1_PSG1
1637,RBP4_RBP
1638,SLIT1_SLIT1
1639,SMOC2_SMOC2
1640,SORCS1_SORC1
1641,SORCS3_SORC3
1642,TAGLN_TAGL
1643,TMEFF1_TEFF1
1644,BTD_Biotinidase
1645,COL10A1_COAA1
1646,BMP2_BMP_2
1647,BMP4_BMP_4
1648,BMP8B_BMP_8
1649,BRAF_BRAF1
1650,C1QL2_C1QL2
1651,CD79A_CD79A
1652,CEBPB_CEBPB
1653,DKK2_DKK2
1654,INHBC_INHBC
1655,LMAN1_Mannose_binding_lectin
1656,NODAL_NODAL
1657,PGR_PgR
1658,TXLNA_TXLNA
1659,GPT_ALT
1660,CDH8_Cadherin_8
1661,FLT4_VEGF_sR3
1662,SHC1_SHC1
1663,OLR1_OLR1
1664,CFHR5_complement_factor_H_related_5
1665,IGF2R_IGF_II_receptor
1666,NID2_NID2
1667,WIF1_WIF_1
1668,GRAP2_GRB2_related_adapter_protein_2
1669,TEC_TEC
1670,AKR1B10_Aldose_reductase_like
1671,EPHA4_EPHA4
1672,GIP_GIP
1673,GHRH_Growth_hormone_releasing_factor
1674,LGR5_LGR5
1675,ROBO4_ROBO4
1676,PLA2G2D_sPLA_2__IID
1677,TIGIT_TIGIT
1678,TREM2_TREM2
1679,BPIFA2_SPLC2
1680,LGR4_LGR4
1681,CDH11_Cadherin_11
1682,UNC5D_UNC5H4
1683,BTLA_BTLA
1684,DKKL1_Soggy_1
1685,CDH6_Cadherin_6
1686,FLT1_VEGF_sR1
1687,DSG3_Desmoglein_3
1688,ACVRL1_ALK_1
1689,CD320_CD320
1690,PACAP_PACAP
1691,NRXN3_NRX3A
1692,TLR1_TLR1
1693,HMGA1_HMGA1
1694,STAT5B_STA5B
1695,MYOC_MYOC
1696,A1BG_Alpha_1B_glycoprotein
1697,NUDT2_AP4A
1698,B3GNT4_B3GN4
1699,CSN2_Beta_casein
1700,HSPA5_BiP
1701,CHIA_CHIA
1702,FADD_FADD
1703,FAIM_FAIM1
1704,GLRX3_GLRX3
1705,GLRX5_GLRX5
1706,GPN1_GPN1
1707,C1QTNF9_C1T9A
1708,AKR1B1_Aldose_reductase
1709,GSN_Gelsolin
1710,KIRREL2_KIRR2
1711,LRP10_LRP10
1712,SDC3_SDC3
1713,CDH17_CAD17
1714,RSPO1_RSPO1
1715,ENO3_ENOB
1716,CASP14_Caspase_14
1717,CD69_CD69
1718,LY75_LY75
1719,APOA1BP_AIBP
1720,INHBB_Activin_B
1721,BMP3_BMP_3
1722,GDF10_BMP_3b
1723,NPPB_BNP
1724,COL6A2_CO6A2
1725,CASK_CSKP
1726,GDF3_GDF_3
1727,GDF7_GDF7
1728,HDGF_HDGF
1729,IL26_IL_26
1730,LECT2_LECT2
1731,PPBP_PBP
1732,JUP_PLAK
1733,RAC3_RAC3
1734,REG1B_REG1B
1735,SCUBE3_SCUB3
1736,ENGASE_ENASE
1737,DEFA5_HD_5
1738,SIGLEC5_Siglec_5
1739,OCIAD1_OCAD1
1740,CALB2_CALB2
1741,PDE5A_PDE5A
1742,TNNT3_TNNT3
1743,NME4_NDKM
1744,GDI1_RhoGDI
1745,FHL1_SLIM_1
1746,CDCP1_CDCP1
1747,APOL3_APOL3
1748,ATXN3_ATX3
1749,COL6A1_Collagen_a1_VI_
1750,DOK1_DOK1
1751,CFHR3_FHR3
1752,CFLAR_FLIP
1753,MPZL1_MPZL1
1754,RAB3B_RAB3B
1755,RGS5_RGS5
1756,SCO2_SCO2
1757,PDZK1_NHRF3
1758,NRK1_NRK1
1759,LSM4_LSM4
1760,MAPRE2_MARE2
1761,RAB2A_RAB2A
1762,RCN3_RCN3
1763,SH3GLB1_SHLB1
1764,NANP_NANP
1765,TAF15_RBP56
1766,PCTK1_PCTK1
1767,GSTZ1_MAAI
1768,MAGOHB_MGN2
1769,MSRB2_MSRB2
1770,PHPT1_PHP14
1771,RAB4A_RAB4A
1772,MAPRE3_MARE3
1773,PTRH2_PTH2
1774,ADAMTSL1_ATL1
1775,ENPP2_ENPP2
1776,OSBPL9_OSBL9
1777,MDGA1_MDGA1
1778,LAMP1_LAMP1
1779,CADM2_Nectin_like_protein_3
1780,OMG_OMGP
1781,RNASET2_RNT2
1782,CD14_sCD14
1783,SEMA4A_SEM4A
1784,SLITRK6_SLIK6
1785,TLR3_TLR3
1786,DBI_ACBP
1787,PLXNB3_PLXB3
1788,PFN2_Profilin_II
1789,ALPL_Alkaline_phosphatase__liver
1790,SULT1E1_SULT_1E
1791,HBB_Beta_globin
1792,GSTA1_GST_A1_1
1793,PDGFD_PDGFD
1794,BLVRB_BLVRB
1795,HSPE1_HSP_10
1796,IRF3_IRF_3
1797,KIR2DS4_KI2S4
1798,KIR2DL3_KI2L3
1799,PTGES3_TEBP
1800,VPS28_VPS28_protein_homolog
1801,DCLK1_DCAK1
1802,UBE2G1_UB2G1
1803,DDOST_OST48
1804,ANXA3_Annexin_III
1805,ANXA4_annexin_IV
1806,PPBP_BTG
1807,FGF8_FGF_8F
1808,CALCB_CALCB
1809,STATH_STAT
1810,MAP2K6_MP2K6
1811,PSIP1_PSIP1
1812,BAG1_BAG_1
1813,CLPP_ClpP_endopeptidase
1814,HIF1AN_HIF1N
1815,KIR2DL1_KI2L1
1816,PDCD4_PDCD4
1817,PNMT_PNMT
1818,RAB5A_RAB5A
1819,SULT2B1_ST2B1
1820,TCL1A_TCL1A
1821,OGN_MIME
1822,LCP1_L_plastin
1823,SELH_SELH
1824,AASDHPPT_ADPPT
1825,GUK1_KGUA
1826,DUSP23_DUS23
1827,CNPY3_CNPY3
1828,BDH2_BDH2
1829,KREMEN1_KREM1
1830,ADPRHL2_ARHL2
1831,ACADM_ACADM
1832,VAMP2_VAMP2
1833,CREB3L2_CR3L2
1834,YY1_TYY1
1835,ACAT2_THIC
1836,AGR3_AGR3
1837,SNPH_SNPH
1838,STOML1_STML1
1839,ZADH2_ZADH2
1840,FDCSP_FDSCP
1841,AIDA_CA080
1842,SYNJ2BP_SYJ2B
1843,CHMP2B_CHM2B
1844,SYT4_SYT4
1845,IL1F10_IL1FA
1846,SEPSECS_SPCS
1847,VHL_VHL
1848,SNRPB2_RU2B
1849,CCBL1_KAT1
1850,DCUN1D1_DCNL1
1851,STMN1_Stathmin
1852,ABHD10_ABHDA
1853,EIF4EBP1_4EBP1
1854,AKR1C3_Aldose_reductase_like_C3
1855,UBE2K_UBE2K
1856,STARD5_STAR5
1857,PFKM_K6PF
1858,NFKBIB_IKB_beta
1859,RBM17_SPF45
1860,ACADS_SCAD
1861,ADH1A_ADH1A
1862,HSD17B11_DHB11
1863,HMOX1_HO_1
1864,ACOT8_ACOT8
1865,ACADSB_acyl_Coenzyme_A_dehydrogenase
1866,ARL5B_ARL5B
1867,UCHL5_UCHL5
1868,PMM1_PMM1
1869,CETN3_CETN3
1870,UFD1L_UFD1
1871,TES_TES
1872,NLGN3_NLGN3
1873,AK4_KAD4
1874,ETFA_ETFA
1875,CSNK1G2_CSNK1G2
1876,ALPI_Alkaline_phosphatase__intestine
1877,SFRP4_SFRP4
1878,CD9_CD9
1879,HARS_Histidyl_tRNA_synthetase
1880,BCL2L11_BIM
1881,CP_Ceruloplasmin
1882,EGFL6_EGFL6
1883,FOLR1_FOLR1
1884,GOLM1_GOLM1
1885,MX1_Mx1
1886,IRF1_IRF1
1887,ACSF2_ACSF2
1888,DHRS9_DHRS9
1889,SUFU_SUFU
1890,YEATS4_YETS4
1891,PBK_TOPK
1892,SH3BGRL3_SH3BGRL3_like_protein
1893,SIRT3_SIR3
1894,NAALADL1_NALDL
1895,HPD_HPPD
1896,SRP14_SRP14
1897,RPP30_RPP30
1898,NMI_NMI
1899,ANXA11_ANX11
1900,RAB21_RAB21
1901,HSPA13_STCH
1902,RAB3A_Rab3A
1903,ING4_ING4
1904,GIF_Gastric_intrinsic_factor
1905,CA5B_Carbonic_Anhydrase_VB
1906,ACOT13_ACO13
1907,TRIP10_CIP4
1908,CD160_BY55
1909,EPHB1_EPHB1
1910,CD46_CD46
1911,COMMD9_COMD9
1912,APOA4_Apo_A_IV
1913,TBCB_TBCB
1914,TPP1_TPP1
1915,BTN3A3_BT3A3
1916,SEPT6_Septin_6
1917,PSME2_PSME2
1918,TICAM2_TIRP
1919,OVCA2_OVCA2
1920,WBP2_WBP2
1921,TIMELESS_TIMELESS
1922,UGT1A1_UGT_1A1
1923,GMNN_GEMI
1924,HSPH1_HS105
1925,PPP1R1A_PPR1A
1926,TPD52L1_TPD53
1927,VAMP1_VAMP1
1928,IDI1_IDI1
1929,GAS7_GAS7
1930,FKBP4_FKBP52_protein
1931,WWOX_WWOX
1932,USH1C_USH1C
1933,SAR1A_SAR1A
1934,PTTG1_Securin
1935,CHMP2A_CHM2A
1936,UBE2S_UBE2S
1937,ENSA_a_endosulfine
1938,GABARAP_GBRAP
1939,APTX_APTX
1940,IVD_IVD
1941,CRNN_CRNN
1942,HADH_HCDH
1943,RRAS_RRAS
1944,UBE2A_UBE2A
1945,RAB11A_RB11A
1946,FIS1_FIS1
1947,TRAF1_TRAF1
1948,TP53I3_QORX
1949,RRM2_RIR2
1950,CRYBB1_CRBB1
1951,ARG2_Arginase
1952,UGDH_UGDH
1953,DCTD_DCTD
1954,CAB39_CAB39
1955,DCXR_DCXR
1956,WDR5_WDR5
1957,NUDT5_NUDT5
1958,RHOC_RHOC
1959,SNUPN_SPN1
1960,NCF1_NCF_1
1961,HAO1_HAOX1
1962,PCNP_PCNP
1963,EMC8_EMC8
1964,CRCP_RPC9
1965,UBD_UBD
1966,NAPG_SNAG
1967,SNRPD3_SMD3
1968,TAGLN3_TAGL3
1969,PECR_PECR
1970,SDSL_SDSL
1971,RAB32_RAB32
1972,MAP1LC3A_MLP3A
1973,ACAA1_THIK
1974,MMAB_MMAB
1975,GMFB_GMFB
1976,RCL_RCL
1977,GGPS1_GGPPS
1978,ECHS1_Enoyl_CoA_hydratase
1979,QPRT_NADC
1980,HPCAL1_HPCL1
1981,ALDH5A1_SSDH
1982,DIRAS1_DIRA1
1983,PMM2_Phosphomannomutase_2
1984,LSM1_LSM1
1985,IMPA1_IMPA1
1986,CUL1_CUL1
1987,PGLS_6PGL
1988,SCAND1_SCAND1
1989,NANS_SIAS
1990,PNPO_PNPO
1991,SMNDC1_SPF30
1992,SDCBP_Syntenin_1
1993,NIT2_NIT2
1994,SULT1C2_ST1C2
1995,PTP4A1_TP4A1
1996,BPHL_BPHL
1997,BPNT1_BPNT1
1998,NCALD_NCALD
1999,DDIT4_DDIT4
2000,SUGT1_SUGT1
2001,FAHD1_FAHD1
2002,MLF1_MLF1
2003,NMT2_NMT2
2004,RERG_RERG
2005,SNRPD2_SMD2
2006,EEF1D_EF1D
2007,DYNLRB2_DLRB2
2008,S100A14_S100A14
2009,TREX2_TREX2
2010,IDI2_IDI2
2011,ANXA13_ANX13
2012,S100A16_S100A16
2013,CLIC2_CLIC2
2014,PPCS_PPCS
2015,DRG1_DRG1
2016,KLF4_KLF4
2017,PPME1_PPME1
2018,NAA10_NAA10
2019,RGS4_RGS4
2020,NT5M_NT5M
2021,ACADL_ACADL
2022,ATG3_ATG3
2023,CASP8_Caspase_8
2024,PCMT1_PIMT
2025,IRAK4_IRAK4
2026,UBE2V2_UB2V2
2027,RHOB_RHOB
2028,PYCR1_P5CR1
2029,ASF1A_ASF1A
2030,AKR7A3_ARK73
2031,PDCD6IP_PDC6I
2032,VAT1_VAT1
2033,NAE1_ULA1
2034,SARS_SYSC
2035,SMS_SPSY
2036,RTN4IP1_RT4I1
2037,TSSC4_TSSC4
2038,PCK1_PCKGC
2039,LDLRAP1_ARH
2040,GMPS_GUAA
2041,ALDOB_ALDOB
2042,TARS_SYTC
2043,ASPA_ACY2
2044,GATM_GATM
2045,VPS25_VPS25
2046,CARD18_ICBR
2047,RANBP1_RANG
2048,MAGEA5_MAGE_5
2049,MORF4L1_MO4L1
2050,FABP9_FABP9
2051,ORAOV1_ORAV1
2052,CKMT2_KCRS
2053,HBQ1_HBAT
2054,CD37_CD37
2055,TCEA1_TCEA1
2056,MAGEA6_MAGE_6
2057,ADH6_ADH6
2058,CCNB2_CCNB2
2059,SPIN1_SPIN1
2060,UBE2F_UBE2F
2061,GCLM_GSH0
2062,THG1L_THG1
2063,IL11RA_IL_11_RA
2064,CNRIP1_CB032
2065,SRA1_SRA1
2066,SH3GLB2_SHLB2
2067,HEBP1_HEBP1
2068,COX5A_COX5A
2069,CDK2AP2_CDKA2
2070,NOP16_NOP16
2071,PRND_PRND
2072,PIP4K2B_PI42B
2073,PGP_PGP
2074,HSPC159_LEGL
2075,NRIP3_NRIP3
2076,OMP_OMP
2077,CPOX_HEM6
2078,SPA17_Sperm_protein_17
2079,CMPK1_Cytidylate_kinase
2080,ANXA7_ANXA7
2081,CYB5R1_NB5R1
2082,SRP19_SRP19
2083,MEOX2_MEOX2
2084,NATD1_NATD1
2085,CCDC25_CCD25
2086,ZNF34_ZNF34
2087,CARD17_CAR17
2088,GAGE2A_GAG2A
2089,TAF10_TAF10
2090,OXSM_OXSM
2091,GAGE2D_GGE2D
2092,SERF2_SERF2
2093,CRIP1_CRIP1
2094,TCL1B_TCL1B
2095,TRIAP1_TRIA1
2096,DTD2_DTD2
2097,GNG11_GBG11
2098,WWC1_WWC1
2099,SVIP_SVIP
2100,ZWINT_ZWINT
2101,CCL15_MIP_5
2102,ANXA8_Annexin_A8
2103,CDKN1A_p21
2104,SOX2_SOX2
2105,GRHPR_GRHPR
2106,MRAS_RASM
2107,CAPNS1_CPNS1
2108,PURB_PURB
2109,NAIF1_NAIF1
2110,ZWILCH_ZWILC
2111,NRGN_NEUG
2112,BCCIP_BCCIP
2113,PALM_PALM
2114,PPA2_PPase_2
2115,STXBP6_STXB6
2116,CS_CISY
2117,SEPW1_SELW
2118,DCTN6_DCTN6
2119,NDRG3_NDRG3
2120,ASRGL1_Asparaginase_like_protein_1
2121,RTP4_RTP4
2122,SEPT3_SEPT3
2123,ZFAND5_ZFAN5
2124,SH3GL3_SH3G3
2125,PDHX_ODPX
2126,MTHFD2_MTDC
2127,JMJD6_JMJD6
2128,CRMP1_DRP_1
2129,SUOX_SUOX
2130,MAGEA8_MAGA8
2131,SNX5_SNX5
2132,PYCR2_P5CR2
2133,PRPS2_PRPS2
2134,PGM2_PGM2
2135,CPLX1_CPLX1
2136,GMDS_GMDS
2137,IDH1_IDH
2138,PSMB3_PSB3
2139,PSMB4_Proteasome_beta_chain
2140,PSAT1_SERC
2141,DECR2_DECR2
2142,HNRNPD_HNRPD
2143,RDX_Radixin
2144,IL1F5_IL_1F5
2145,MYL3_Myosin_light_chain_1
2146,ALB_Albumin
2147,ALDH2_ALDH_E2
2148,COMT_Catechol_O_methyltransferase
2149,FKBP3_FKBP3
2150,PSMD10_PSD10
2151,GLRX_GLRX1
2152,ST13_suppression_of_tumorigenicity_13
2153,IFNA1_IFNA1
2154,MAT2B_MAT2B
2155,ADPRH_ADPRH
2156,AES_AES
2157,AKR1C4_AK1C4
2158,AKR1D1_AK1D1
2159,AKAP7_AKA7A
2160,ALKBH2_ALKB2
2161,ALKBH3_ALKB3
2162,AMMECR1L_AMERL
2163,AMPD2_AMPD2
2164,ANKRD54_ANR54
2165,AP1S2_AP1S2
2166,ARL2BP_AR2BP
2167,ARF4_ARF4
2168,ARF5_ARF5
2169,ARL14_ARL14
2170,ARL15_ARL15
2171,ARL4D_ARL4D
2172,ARL5A_ARL5A
2173,ARL6_ARL6
2174,ARL9_ARL9
2175,AS3MT_AS3MT
2176,ARPC5_p16_ARC
2177,MVD_ERG19
2178,CDH1_Cadherin_E
2179,RALB_RALB
2180,TBPL1_TBPL1
2181,UBXN2B_UBX2B
2182,PPIG_PPIG
2183,PTGES2_PGES2
2184,RABIF_MSS4
2185,DDX19A_DD19A
2186,CBX1_CBX1
2187,PPIC_PPIC
2188,HIST3H2BB_H2B3B
2189,EIF4A2_IF4A2
2190,EIF4A1_IF4A1
2191,ITLN1_Omentin
2192,LRIG1_LRIG1
2193,SAA2_SAA2
2194,PEA15_PEA15
2195,SGTB_SGTB
2196,TG_Thyroglobulin
2197,SH2D1B_SH21B
2198,SERPINB13_SPB13
2199,UBE2D2_UB2D2
2200,EIF4EBP3_4EBP3
2201,CAMKK1_CaMKK_alpha
2202,CHST2_CHST2
2203,PRSS3_TRY3
2204,PPP3R2_CANB2
2205,CBX3_CBX3
2206,CD3E_CD3E
2207,AIF1L_AIF1L
2208,CEACAM8_CEAM8
2209,CEBPA_CEBPA
2210,COL2A1_Chondrocalcin
2211,CHST4_CHST4
2212,CNN2_CNN2
2213,GREM1_GREM1
2214,COL3A1_Collagen_Type_III
2215,CD97_CD97
2216,CLSTN2_CSTN2
2217,DSTN_DEST
2218,DNAJB4_DNJB4
2219,DSCAML1_DSCL1
2220,ENTPD2_ENTP2
2221,FABP12_FBP12
2222,FGB_Fibrinogen_B
2223,GBP2_GBP2
2224,GPC4_GPC4
2225,GPR56_GPR56
2226,GPX2_GPX2
2227,GSTM4_GSTM4
2228,HS6ST3_H6ST3
2229,HDAC2_HDAC2
2230,HDGFL1_HDGL1
2231,HDGFRP3_HDGR3
2232,HRAS_H_ras__WT_
2233,HSPA1B_HS71B
2234,CAMK4_KCC4
2235,KRT16_Keratin_16
2236,KIR3DL1_KI3L1
2237,EXOSC8_EXOS8
2238,LIN7A_LIN7A
2239,CDC2_p34_protein_kinase
2240,PAFAH2_PAFA2
2241,ITPA_Inosine_triphosphatase
2242,AMY2A_Pancreatic_alpha_amylase
2243,PDE4A_PDE4A
2244,PHEX_PHEX
2245,CD68_CD68
2246,PSMA5_Proteasome_subunit_alpha_type_5
2247,PSMA3_PSA3
2248,RAET1G_RET1G
2249,S100Z_S100Z
2250,SLIT2_SLIT2
2251,SLIT3_SLIT3
2252,NMNAT1_NMNA1
2253,TGM4_TGM4
2254,TGM2_Tissue_transglutaminase
2255,TLR5_TLR5
2256,VLDLR_VLDLR
2257,PSMB9_PSB9
2258,PTGR2_PTGR2
2259,RGS1_RGS1
2260,LRRC3B_LRC3B
2261,RAC2_RAC2
2262,MECP2_MECP2
2263,TCEAL8_TCAL8
2264,MEMO1_MEMO1
2265,UBE2M_UBC12
2266,TCEAL3_TCAL3
2267,SH3BGRL2_SH3L2
2268,TK2_KITM
2269,CMBL_CMBL
2270,MUTED_MUTED
2271,PPP1R14A_PP14A
2272,OSTF1_OSTF1
2273,DDIT3_DDIT3
2274,DAO_OXDA
2275,UBQLN2_UBQL2
2276,MYL12B_ML12B
2277,NFKBID_IKBD
2278,UBLCP1_UBCP1
2279,PRKAR2A_KAP2
2280,RPRD1B_C20orf77
2281,HSPB6_HSPB6
2282,MTHFSD_MTHFSD
2283,SERPINB8_SPB8
2284,TIAL1_TIAR
2285,MRPL2_RM02
2286,POLR2K_RPAB4
2287,NT5C3L_Cytosolic_5__nucleotidase_III_like_protein
2288,ALDH6A1_MMSA
2289,HSF2BP_HSF2B
2290,DAP_DAP1
2291,DNMT3L_DNM3L
2292,CYB5R2_NB5R2
2293,TCF4_ITF2
2294,MREG_MREG
2295,LGALS13_PP13
2296,TIMM8A_TIM8A
2297,PRPSAP2_KPRB
2298,PPP1R2_IPP2
2299,MPPED2_MPPD2
2300,SERPINE2_Protease_nexin_I
2301,PAF_PAF
2302,POLD4_DNA_polymerase_subunit_delta_4
2303,USP15_UBP15
2304,LRRC59_LRC59
2305,RPS19_RS19
2306,PSTPIP1_PPIP1
2307,FIBP_FIBP
2308,POLE3_DPOE3
2309,ZFAND1_ZFAN1
2310,GOLGA7_GOGA7
2311,MARCKSL1_MARCKSL1
2312,FAM49B_FA49B
2313,MOBKL1A_MOL1A
2314,GULP1_GULP1
2315,RPL12_RL12
2316,STAMBP_STABP
2317,NAP1L4_NAP2L
2318,USP14_UBP14
2319,UBE2L6_UB2L6
2320,VBP1_PFD3
2321,DTD1_Histidyl_tRNA_synthetase_related
2322,RPS5_RS5
2323,HOPX_HOP
2324,ACAT1_THIL
2325,POLR2J_RPB11
2326,NDUFA5_NDUA5
2327,BTK_BTK
2328,NUDT1_8ODP
2329,ADK_ADK
2330,ACVR2A_Activin_RIIA
2331,NFKBIA_IKB_alpha
2332,DMBT1_DMBT1
2333,SPINK4_ISK4
2334,NDRG1_NDRG1
2335,NUTF2_NTF_2
2336,RAB5B_RAB5B
2337,RAB1A_RAB1A
2338,EIF1AY_IF1AY
2339,BLNK_BLNK
2340,BATF_BATF
2341,BAG2_BAG_2
2342,HOMER1_HOME1
2343,GSTT1_GSTT1
2344,PTP4A3_PRL_3
2345,ATOX1_ATOX1
2346,SUB1_TCP4
2347,DDT_D_dopachrome_decarboxylase
2348,GLUL_GLNA
2349,ARF1_ARF1
2350,PDAP1_HAP28
2351,RBP5_RBP_III
2352,PFDN1_PFD1
2353,PFDN2_PFD2
2354,UBE2D1_UB2D1
2355,KARS_SYK
2356,MYCBP_MYCBP
2357,SRGN_Platelet_proteoglycan
2358,PSMB2_PSB2
2359,RAB2B_RAB2B
2360,GMPR_GMPR1
2361,NXT2_NXT2
2362,CLTA_CLCA
2363,GCDH_GCDH
2364,EIF2S1_IF2A
2365,GIPC1_GIPC1
2366,SDCBP2_SDCB2
2367,ACADVL_ACADV
2368,EIF4E_IF4E
2369,RPA2_RFA2
2370,TCP1_TCPA
2371,G3BP1_G3BP1
2372,HAGH_GLO2
2373,YARS_SYYC
2374,GNAI1_GNAI1
2375,PEF1_PEF1
2376,GSR_Glutathione_reductase
2377,SNTA1_Alpha_1_syntrophin
2378,IDH3G_IDH3G
2379,SNRPG_RUXG
2380,TSTD1_KAT
2381,RAB1B_RAB1B
2382,RBP1_CRBP
2383,UBE2D3_UB2D3
2384,MAFG_MAFG
2385,RAB13_RAB13
2386,MYL5_MLR5
2387,DENR_DENR
2388,UROD_DCUP
2389,HPRT1_HPRT
2390,CASQ2_CASQ2
2391,VPS26A_VP26A
2392,CRIPT_CRIPT
2393,PPP1CC_PP1G
2394,MYL7_MLRA
2395,G6PD_G6PD
2396,GIMAP6_GIMA6
2397,PET117_PT117
2398,COPE_COPE
2399,CRYGS_CRBS
2400,HSCB_HSC20
2401,ACPP_Prostatic_acid_phosphatase
2402,EBAG9_RCAS1
2403,ABHD14B_ABHEB
2404,HAT1_Hat1
2405,CHEK2_Chk2
2406,HIPK3_HIPK3
2407,BAIAP2_BAIP2
2408,MOBKL3_MOBL3
2409,HNRNPK_hnRNP_K
2410,TXNDC12_TXD12
2411,HN1_HN1
2412,LZIC_LZIC
2413,ACBD6_ACBD6
2414,CA12_Carbonic_Anhydrase_XII
2415,OSTM1_OSTM1
2416,TOM1L2_TM1L2
2417,VAMP7_VAMP7
2418,LRRTM1_LRRT1
2419,MATN3_MATN3
2420,PCNA_PCNA
2421,BCAT2_BCAT2
2422,PEX26_PEX26
2423,DCI_D3D2
2424,KAT2A_GCNL2
2425,HS3ST4_HS3S4
2426,MDGA2_MDGA2
2427,MYL12A_MLRM
2428,MTCP1_MTCP1
2429,NNMT_NNMT
2430,OLFM2_NOE2
2431,RAB3D_RAB3D
2432,RGS21_RGS21
2433,CINP_CINP
2434,CDH12_Cadherin_12
2435,DDAH1_DDAH1
2436,VEGFA_L_VEGF165
2437,SYF2_SYF2
2438,GMPR2_GMPR2
2439,UPP1_UPP1
2440,RBKS_RBSK
2441,HDHD3_HDHD3
2442,KDSR_KDSR
2443,PDCD6_PDCD6
2444,HSD17B8_DHB8
2445,KAAG1_KAAG1
2446,NPL_NPL
2447,SNX3_SNX3
2448,DTYMK_KTHY
2449,GLYAT_GLYAT
2450,DCUN1D2_DCNL2
2451,HMGA2_HMGA2
2452,HK3_HXK3
2453,PARK7_PARK7
2454,PARK7_Oxidized_PARK7
2455,STX1A_STX1a
2456,SUMO2_SUMO2
2457,CR1_Complement_receptor_type_1
2458,KLB_KLOTB
2459,LRP4_LRP4
2460,PLXNA4_PLXA4
2461,PLXND1_PLXD1
2462,USP28_UBP28
2463,SEZ6L_SEZ6L
2464,IRF4_IRF4
2465,EGFR_EGFRvIII
2466,IL15_IL_15
2467,FGF8_FGF_8
2468,CEBPG_CEBPG
2469,EPOR_EPO_R
2470,DOK2_DOK2
2471,DEFA1_HNP_1
2472,IGFBP5_IGFBP_5
2473,FGF9_FGF9
2474,RAB3C_RAB3C
2475,KPNA1_IMA5
2476,SFTPD_SP_D
2477,BRF1_BRF_1
2478,ASB9_ASB9
2479,JUND_jun_D
2480,IHH_ihh
2481,CD81_CD81
2482,TCN1_Holo_TC_I
2483,NT5C3A_5NT3
2484,EFHD1_EFHD1
2485,PTGR1_LTB4DH
2486,DLG2_DLG2
2487,INHBA_Activin_A
2488,RPSA_40S_ribosomal_protein_SA
2489,KNG1_Kininostatin
2490,FGL2_FGL2
2491,HLA_G_HLA_G
2492,CRH_CRH
2493,PDYN_Dynorphin_A__1_17_
2494,IAPP_IAPP
2495,PTH_Parathyroid_Hormone1_34
2496,F11_Coagulation_Factor_XI
2497,CCL27_CTACK
2498,COL18A1_Endostatin
2499,TIMP1_TIMP_1
2500,PLAT_tPA
2501,PROK1_EG_VEGF
2502,TIMP2_TIMP_2
2503,TGFB1_TGF_b1
2504,C5_C5
2505,APOE_Apo_E
2506,BDNF_BDNF
2507,CTSG_Cathepsin_G
2508,CXCL16_CXCL16__soluble
2509,FGF10_FGF_10
2510,FGF8_FGF_8B
2511,PLA2G2E_GIIE
2512,PLA2G5_GV
2513,CCL20_MIP_3a
2514,APCS_SAP
2515,KIT_SCF_sR
2516,TIMP3_TIMP_3
2517,ANGPT4_Angiopoietin_4
2518,GFRA3_GFRa_3
2519,EFNB3_Ephrin_B3
2520,GFRA2_GFRa_2
2521,CCL21_6Ckine
2522,HMGB1_HMG_1
2523,POMC_b_Endorphin
2524,CFI_Factor_I
2525,IGFBP3_IGFBP_3
2526,CCL2_MCP_1
2527,MMP9_MMP_9
2528,MPO_Myeloperoxidase
2529,PRL_PRL
2530,ROR1_ROR1
2531,VEGFA_VEGF
2532,TNFSF9_4_1BB_ligand
2533,ANGPT2_Angiopoietin_2
2534,TNFRSF8_CD30
2535,CST3_Cystatin_C
2536,TYRO3_Dtk
2537,EIF5_eIF_5
2538,EFNA4_Ephrin_A4
2539,EFNA5_Ephrin_A5
2540,ERBB2_ERBB2
2541,ERBB3_ERBB3
2542,ERBB4_ERBB4
2543,TACSTD2_GA733_1_protein
2544,IL6ST_gp130__soluble
2545,HMOX2_HO_2
2546,IL10RB_IL_10_Rb
2547,IL12RB1_IL_12_Rb1
2548,IL13RA1_IL_13_Ra1
2549,IL2RG_IL_2_sRg
2550,LAYN_Layilin
2551,LTBR_Lymphotoxin_b_R
2552,MRC1_Macrophage_mannose_receptor
2553,MST1R_MSP_R
2554,PAFAH1B2_PAFAH_beta_subunit
2555,CDH3_P_Cadherin
2556,PRKCA_PKC_A
2557,PRKCZ_PKC_Z
2558,GDI2_Rab_GDP_dissociation_inhibitor_beta
2559,ICAM3_sICAM_3
2560,PLAUR_suPAR
2561,TNFRSF1A_TNF_sR_I
2562,NTRK3_TrkC
2563,TNFRSF17_BCMA
2564,DCN_Bone_proteoglycan_II
2565,EGFR_ERBB1
2566,HGF_HGF
2567,HSPD1_HSP_60
2568,C3_iC3b
2569,MIA_MIA
2570,PLA2G2A_NPS_PLA2
2571,OSM_OSM
2572,PECAM1_PECAM_1
2573,PSPN_Persephin
2574,PF4_PF_4
2575,PROS1_Protein_S
2576,TNFRSF13B_TACI
2577,CCL25_TECK
2578,SERPINA7_Thyroxine_Binding_Globulin
2579,TNFSF18_TNFSF18
2580,AIMP1_EMAP_2
2581,CSF3R_G_CSF_R
2582,IL37_IL_1F7
2583,MICA_MICA
2584,POR_NADPH_P450_Oxidoreductase
2585,NANOG_NANOG
2586,NCR2_NKp44
2587,NOV_NovH
2588,SIGLEC6_Siglec_6
2589,SIGLEC7_Siglec_7
2590,SHH_Sonic_Hedgehog
2591,ULBP3_ULBP_3
2592,APOA1_Apo_A_I
2593,GDF5_BMP_14
2594,C3_C3
2595,FAM107A_DRR1
2596,FGF18_FGF_18
2597,FGF20_FGF_20
2598,CCL1_I_309
2599,IGFBP1_IGFBP_1
2600,IL10_IL_10
2601,IL16_IL_16
2602,IL22_IL_22
2603,LTF_Lactoferrin
2604,CCL4L1_LAG_1
2605,CCL3L1_LD78_beta
2606,MMP3_MMP_3
2607,MMP7_MMP_7
2608,PPBP_NAP_2
2609,SOD1_SOD
2610,APOB_Apo_B
2611,ACE2_ACE2
2612,ACVR1B_Activin_RIB
2613,ADAMTS4_ADAMTS_4
2614,ANGPT1_Angiopoietin_1
2615,AGRP_ART
2616,BCAM_BCAM
2617,CDH5_Cadherin_5
2618,COMMD7_COMMD7
2619,EDA_EDA
2620,CX3CL1_Fractalkine_CX3CL_1
2621,SPINT1_HAI_1
2622,KLK11_Kallikrein_11
2623,KLK4_Kallikrein_4
2624,KLK8_kallikrein_8
2625,XRCC6_Ku70
2626,LCN2_Lipocalin_2
2627,MET_Met
2628,MMP17_MMP_17
2629,TNFSF4_OX40_Ligand
2630,SPINT2_SPINT2
2631,TIE1_sTie_1
2632,RPS27A_Ubiquitin1
2633,AIF1_AIF1
2634,C5_C5a
2635,CHEK1_CHK1
2636,MAPK3_ERK_1
2637,HDAC8_HDAC8
2638,KPNA2_Karyopherin_a2
2639,MAP2K1_MEK1
2640,RAC1_RAC1
2641,RAD51_RAD51
2642,TBP_TBP
2643,TOP1_Topoisomerase_I
2644,UBE2I_UBC9
2645,YES1_YES
2646,SERPINA3_a1_Antichymotrypsin
2647,C7_C7
2648,CTF1_Cardiotrophin_1
2649,CCL28_CCL28
2650,CCL14_HCC_1
2651,IL4_IL_4
2652,MDK_Midkine
2653,CCL23_MPIF_1
2654,SERPINE1_PAI_1
2655,ARTN_Artemin
2656,CYCS_Cytochrome_c
2657,CYP3A4_Cytochrome_P450_3A4
2658,NBL1_DAN
2659,CFD_Factor_D
2660,GHR_Growth_hormone_receptor
2661,PLA2G10_GX
2662,IGFBP4_IGFBP_4
2663,IGF1_IGF_I
2664,CFP_Properdin
2665,PROC_Protein_C
2666,PTHLH_PTHrP
2667,CLEC11A_SCGF_beta
2668,VCAM1_VCAM_1
2669,TNFSF15_TNFSF15
2670,AREG_AREG
2671,BMP7_BMP_7
2672,CD36_CD36_ANTIGEN
2673,CNTN1_contactin_1
2674,CTGF_CTGF
2675,DSG1_Desmoglein_1
2676,EDAR_EDAR
2677,CXCL5_ENA_78
2678,LGALS4_Galectin_4
2679,CXCL1_Gro_a
2680,HIST1H1C_Histone_H1_2
2681,IL1R1_IL_1_sRI
2682,IL17RA_IL_17_sR
2683,IL18RAP_IL_18_Rb
2684,IL1RL2_IL_1Rrp2
2685,JAM2_JAM_B
2686,JAM3_JAM_C
2687,LSAMP_LSAMP
2688,MBL2_MBL
2689,NCR3_NKp30
2690,PDCD1LG2_PD_L2
2691,PTPN1_PTP_1B
2692,SIGLEC9_Siglec_9
2693,TGFBR3_TGF_b_R_III
2694,TSLP_TSLP
2695,CTLA4_CTLA_4
2696,SERPINF2_a2_Antiplasmin
2697,FGF2_bFGF
2698,CAST_Calpastatin
2699,CCL23_Ck_b_8_1
2700,CD209_DC_SIGN
2701,CLEC4M_DC_SIGNR
2702,LGALS2_Galectin_2
2703,GFAP_GFAP
2704,IL19_IL_19
2705,IL1B_IL_1b
2706,CXCL11_I_TAC
2707,CCL3_MIP_1a
2708,MRC2_MRC2
2709,MB_Myoglobin
2710,SPARC_ON
2711,CCL18_PARC
2712,PTN_PTN
2713,RETN_resistin
2714,PRSS1_Trypsin
2715,VWF_vWF
2716,FASLG_Fas_ligand__soluble
2717,HP_Haptoglobin__Mixed_Type
2718,IL4R_IL_4_sR
2719,WISP1_WISP_1
2720,TNFSF13B_BAFF
2721,C9_C9
2722,FGF5_FGF_5
2723,LGALS3_Galectin_3
2724,GDF9_GDF_9
2725,IL2_IL_2
2726,IL13_IL_13
2727,IL18BP_IL_18_BPa
2728,LBP_LBP
2729,F10_Coagulation_Factor_Xa
2730,PGF_PlGF
2731,RARRES2_TIG2
2732,ULBP1_ULBP_1
2733,ULBP2_ULBP_2
2734,EDA2R_XEDAR
2735,AURKA_Aurora_kinase_A
2736,MAPK1_MK01
2737,DIABLO_SMAC
2738,VEGFC_VEGF_C
2739,CD4_sCD4
2740,IL2RA_IL_2_sRa
2741,TNFRSF1B_TNF_sR_II
2742,CD33_Siglec_3
2743,ADAMTS5_ADAMTS_5
2744,IDUA_IDUA
2745,METAP2_AMPM2
2746,APP_amyloid_precursor_protein
2747,ARSB_ARSB
2748,NAAA_ASAHL
2749,ADAMTS1_ATS1
2750,ADAMTS13_ATS13
2751,CTSC_CATC
2752,CTSA_Cathepsin_A
2753,CTSS_Cathepsin_S
2754,ENTPD1_CD39
2755,F7_Coagulation_Factor_VII
2756,C2_C2
2757,CRISP3_CRIS3
2758,TMPRSS15_Enterokinase
2759,WFIKKN1_WFKN1
2760,CNDP2_Glutamate_carboxypeptidase
2761,GP6_GPVI
2762,GNLY_Granulysin
2763,HAPLN1_HPLN1
2764,IDE_IDE
2765,IDS_IDS
2766,KLK12_kallikrein_12
2767,KLK5_kallikrein_5
2768,KREMEN2_KREM2
2769,LTA4H_LKHA4
2770,LYVE1_LYVE1
2771,MEPE_MEPE
2772,METAP1_METAP1
2773,ASAH2_ASAH2
2774,NID1_Nidogen
2775,PIGR_PIGR
2776,RET_RET
2777,SFRP1_SARP_2
2778,SEMA3A_Semaphorin_3A
2779,ACP5_TrATPase
2780,CCDC80_URB
2781,WFIKKN2_WFKN2
2782,ACAN_Aggrecan
2783,TGFBI_BGH3
2784,BGN_BGN
2785,C1R_C1r
2786,CD109_CD109
2787,FCER2_CD23
2788,CD48_CD48
2789,CD5L_CD5L
2790,CFC1_CFC1
2791,CNTN2_CNTN2
2792,CNTN4_Contactin_4
2793,CNTN5_Contactin_5
2794,CST7_CYTF
2795,DLL4_DLL4
2796,FCGR2A_FCG2A
2797,FCGR2B_FCG2B
2798,FCGR3B_FCG3B
2799,FCGR1A_FCGR1
2800,FCN2_FCN2
2801,GFRA1_GFRa_1
2802,GPC2_GPC2
2803,SERPIND1_Heparin_cofactor_II
2804,HTRA2_HTRA2
2805,IGFBP7_IGFBP_7
2806,IL24_IL24
2807,LRIG3_LRIG3
2808,LRP8_LRP8
2809,LY9_LY9
2810,MATN2_MATN2
2811,CADM1_Nectin_like_protein_2
2812,NTN4_NET4
2813,PGLYRP1_PGRP_S
2814,RGMB_RGMB
2815,HFE2_RGM_C
2816,TFPI_TFPI
2817,THBS2_TSP2
2818,THBS4_TSP4
2819,ABL1_ABL1
2820,ABL2_ABL2
2821,ACY1_Aminoacylase_1
2822,SERPINC1_Antithrombin_III
2823,AURKB_AURKB
2824,ADRBK1_BARK1
2825,BMP1_BMP_1
2826,CAMK2A_CAMK2A
2827,CAMK2B_CAMK2B
2828,CA6_Carbonic_anhydrase_6
2829,CA7_Carbonic_anhydrase_VII
2830,CD207_CLC4K
2831,CHRDL1_CRDL1
2832,CSK_CSK
2833,CTSV_Cathepsin_V
2834,DKK4_Dkk_4
2835,ECM1_ECM1
2836,FETUB_FETUB
2837,GZMH_Granzyme_H
2838,3373_5_GZMH_Granzyme_H.txt.md5sum
2839,HCK_HCK
2840,IL17RD_IL_17_RD
2841,KLK7_Kallikrein_7
2842,PRKCI_KPCI
2843,LYN_LYNB
2844,PAK3_PAK3
2845,PAK7_PAK7
2846,SERPINA5_PCI
2847,PIK3CG_PK3CG
2848,PLK1_PLK_1
2849,REN_Renin
2850,PTPN11_SHP_2
2851,STAB2_STAB2
2852,TBK1_TBK1
2853,PTPN2_TCPTP
2854,TPSB2_TPSB2
2855,TPSG1_TPSG1
2856,UFC1_UFC1
2857,BCL2_Bcl_2
2858,BCL2A1_BFL1
2859,BMX_BMX
2860,IBSP_BSP
2861,CAMK1D_CAMK1D
2862,CAMK2D_CAMK2D
2863,CA13_Carbonic_anhydrase_XIII
2864,TNFSF8_CD30_Ligand
2865,CMA1_Chymase
2866,CSNK2A1_CSK21
2867,EPHA1_EphA1
2868,EPHA3_EPHA3
2869,FN1_FN1_3
2870,FN1_FN1_4
2871,FLT3_Flt_3
2872,FSTL3_FSTL3
2873,GZMA_granzyme_A
2874,3440_7_GZMA_granzyme_A.txt.md5sum
2875,IL15RA_IL_15_Ra
2876,CXCL8_IL_8
2877,INSR_IR
2878,SERPINA4_Kallistatin
2879,KLK6_Kallikrein_6
2880,LCK_LCK
2881,LYN_LYN
2882,POSTN_Periostin
2883,PDGFRB_PDGF_Rb
2884,BCAN_PGCB
2885,PRKACA_PRKACA
2886,RPS6KA3_RPS6KA3
2887,SELE_sE_Selectin
2888,STK16_STK16
2889,BIRC5_Survivin
2890,MPL_Thrombopoietin_Receptor
2891,THBS1_Thrombospondin_1
2892,NTRK1_TrkA
2893,DUSP3_DUS3
2894,XPNPEP1_XPNPEP1
2895,AGT_Angiotensinogen
2896,B2M_b2_Microglobulin
2897,FGF1_b_ECGF
2898,CXCL13_BLC
2899,CAT_Catalase
2900,CNTF_CNTF
2901,FGF17_FGF_17
2902,CXCL6_GCP_2
2903,IFNA2_IFN_aA
2904,IL17B_IL_17B
2905,HAMP_LEAP_1
2906,CCL22_MDC
2907,CXCL12_SDF_1
2908,CPB2_TAFI
2909,CCL17_TARC
2910,TGFB3_TGF_b3
2911,VIP_Vasoactive_Intestinal_Peptide
2912,CD40LG_CD40_ligand__soluble
2913,DKK1_DKK1
2914,DDC_dopa_decarboxylase
2915,ADIPOQ_Adiponectin
2916,SERPINA1_a1_Antitrypsin
2917,AHSG_a2_HS_Glycoprotein
2918,ARSA_Arylsulfatase_A
2919,BSG_BASI
2920,BMP10_BMP10
2921,CAMK1_CAMK1
2922,CASP3_Caspase_3
2923,CHIT1_Chitotriosidase_1
2924,CLEC7A_CLC7A
2925,MASP1_MASP3
2926,DKK3_DKK3
2927,GNS_GNS
2928,HGFAC_HGFA
2929,IL22RA1_IL22RA1
2930,LGMN_LGMN
2931,LY86_LY86
2932,MMEL1_MMEL2
2933,MAP2K2_MP2K2
2934,CDC42BPB_MRCKB
2935,CADM3_Nectin_like_protein_1
2936,LRPAP1_RAP
2937,KDR_VEGF_sR2
2938,MFRP_MFRP
2939,A2M_a2_Macroglobulin
2940,PLG_Angiostatin
2941,CDKN1B_p27Kip1
2942,NPPB_BNP_32
2943,PYY_PYY
2944,SCT_Secretin
2945,TNFRSF4_TNR4
2946,CSF1_CSF_1
2947,PROC_Activated_Protein_C
2948,PTGS2_COX_2
2949,TEK_sTie_2
2950,ADAM9_ADAM_9
2951,ANGPTL4_ANGL4
2952,CDH2_Cadherin_2
2953,CA9_Carbonic_anhydrase_9
2954,CA3_Carbonic_anhydrase_III
2955,CKB_CK_BB
2956,CST5_CYTD
2957,ESM1_Endocan
2958,EPHA5_EphA5
2959,FGF23_FGF23
2960,FGFR2_FGFR_2
2961,FGFR3_FGFR_3
2962,FGR_FGR
2963,FYN_FYN
2964,IL12RB2_IL_12_RB2
2965,PRKCQ_KPCT
2966,MAPKAPK2_MAPK2
2967,MAPKAPK5_MAPK5
2968,MAPKAPK3_MAPKAPK3
2969,MATK_MATK
2970,MAPK8_MK08
2971,PAK6_PAK6
2972,PTEN_pTEN
2973,PTK6_PTK6
2974,TLR2_TLR2
2975,UFM1_UFM1
2976,ZAP70_ZAP70
2977,AIP_AIP
2978,PPIA_Cyclophilin_A
2979,DYNLRB1_DLRB1
2980,ETHE1_ETHE1
2981,GAPDH_GAPDH__liver
2982,DNAJB1_HSP_40
2983,MDH1_MDHC
2984,3854_24_NACA_NACA.txt(1).gz
2985,NACA_NACA
2986,PRDX1_Peroxiredoxin_1
2987,ACP1_PPAC
2988,PSMA1_PSA1
2989,PSMA6_PSA6
2990,RPS7_RS7
2991,SBDS_SBDS
2992,SEZ6L2_SE6L2
2993,SGTA_SGTA
2994,TPT1_TCTP
2995,TPO_TMA
2996,UBE2L3_UB2L3
2997,ARID3A_ARI3A
2998,CDC37_CDC37
2999,DYNLL1_DLC8
3000,KPNB1_IMB1
3001,ING1_ING1
3002,LMNB1_Lamin_B1
3003,LDHB_LDH_H_1
3004,MBD4_MBD4
3005,MED1_MED_1
3006,MSLN_Mesothelin
3007,NAGK_NAGK
3008,PGAM1_Phosphoglycerate_mutase_1
3009,PDXP_PLPP
3010,PSMD7_PSD7
3011,SKP1_SKP1
3012,SNX4_Sorting_nexin_4
3013,UBE2N_UBE2N
3014,DDR1_discoidin_domain_receptor_1
3015,FGF4_FGF_4
3016,HSPA1A_HSP_70
3017,AGER_sRAGE
3018,BPI_BPI
3019,C6_C6
3020,CCL24_Eotaxin_2
3021,CFB_Factor_B
3022,FGF6_FGF_6
3023,FN1_Fibronectin
3024,FST_FST
3025,GZMB_Granzyme_B
3026,4133_54_GZMB_Granzyme_B.txt.md5sum
3027,IL17D_IL_17D
3028,IL25_IL_17E
3029,IL20_IL_20
3030,IL7_IL_7
3031,CXCL10_IP_10
3032,XCL1_Lymphotactin
3033,CCL13_MCP_4
3034,NTF3_Neurotrophin_3
3035,NTF4_Neurotrophin_5
3036,PAPPA_PAPP_A
3037,PDGFB_PDGF_BB
3038,PLG_Plasmin
3039,PLG_Plasminogen
3040,KLKB1_Prekallikrein
3041,SERPINA3_alpha_1_antichymotrypsin_complex
3042,SELP_P_Selectin
3043,TNC_Tenascin
3044,TGFB2_TGF_b2
3045,F2_Thrombin
3046,PLAU_uPA
3047,CFH_Factor_H
3048,MMP2_MMP_2
3049,TF_Transferrin
3050,H2AFZ_Histone_H2A_z
3051,EIF4EBP2_4EBP2
3052,PGD_6_Phosphogluconate_dehydrogenase
3053,AKR7A2_Aflatoxin_B1_aldehyde_reductase
3054,AKR1A1_AK1A1
3055,ANP32B_AN32B
3056,CFL1_Cofilin_1
3057,VTA1_DRG_1
3058,EPS15L1_EP15R
3059,HSD17B10_ERAB
3060,FER_FER
3061,SYNCRIP_HNRPQ
3062,EIF4G2_IF4G2
3063,IGF1R_IGF_I_sR
3064,IL1RL1_IL_1_R4
3065,LCMT1_LCMT1
3066,PKM2_M2_PK
3067,L1CAM_NCAM_L1
3068,NME2_NDP_kinase_B
3069,NSFL1C_NSF1C
3070,NUDCD3_NUDC3
3071,PA2G4_PA2G4
3072,PON1_paraoxonase_1
3073,PES1_PESC
3074,PFDN5_PFD5
3075,GPI_PHI
3076,PEBP1_prostatic_binding_protein
3077,P4HB_Protein_disulfide_isomerase
3078,PSMA2_PSA2
3079,RAN_RAN
3080,RBM39_RBM39
3081,NAPA_SNAA
3082,SPHK1_Sphingosine_kinase_1
3083,SPON1_Spondin_1
3084,TK1_Thymidine_kinase
3085,LCORL_transcription_factor_MLR1__isoform_CRA_b
3086,TKT_Transketolase
3087,TPI1_Triosephosphate_isomerase
3088,DCTPP1_XTP3A
3089,PTPN6_PTP_1C
3090,AMN_AMNLS
3091,CST2_CYTT
3092,BOC_BOC
3093,CLEC1B_CLC1B
3094,CRP_CRP
3095,ICAM1_sICAM_1
3096,DAPK2_DAPK2
3097,DYRK3_DYRK3
3098,GDF15_MIC_1
3099,DHH_DHH
3100,FGF12_FGF_12
3101,FGF16_FGF_16
3102,FGF8_FGF_8A
3103,IFNL1_IFN_lambda_1
3104,IFNL2_IFN_lambda_2
3105,MST1_MSP
3106,SLPI_SLPI
3107,ADAM12_ADAM12
3108,BCL2L1_BCL2_like_1_protein
3109,CHST6_CHST6
3110,COLEC11_Collectin_Kidney_1
3111,ENPP7_ENPP7
3112,ENTPD3_ENTP3
3113,ENTPD5_ENTP5
3114,FCRL3_FCRL3
3115,LRRTM3_LRRT3
3116,MFGE8_MFGM
3117,PCSK7_PCSK7
3118,PDPK1_PDPK1
3119,SIGLEC1_Sialoadhesin
3120,SPARCL1_SPARCL1
3121,SPHK2_SPHK2
3122,CHST15_ST4S6
3123,TGM3_TGM3
3124,TPM2_Tropomyosin_2
3125,RPS27A_Ubiquitin
3126,ZAP70_ZAP70
3127,SERPING1_C1_Esterase_Inhibitor
3128,C3_C3b
3129,FGF7_FGF7
3130,IL11_IL_11
3131,MMP12_MMP_12
3132,NCAM1_NCAM_120
3133,PDGFA_PDGF_AA
3134,CLEC11A_SCGF_alpha
3135,ADAMTS15_ATS15
3136,PRSS22_BSSP4
3137,BST1_BST1
3138,CBX5_CBX5
3139,CDON_CDON
3140,CLU_Clusterin
3141,COL23A1_CONA1
3142,PPBP_CTAP_III
3143,DNAJC19_DnaJ_homolog
3144,ADGRE2_EMR2
3145,FLRT1_FLRT1
3146,FUT3_Fucosyltransferase_3
3147,FUT5_FUT5
3148,ADGRG5_GP114
3149,HDGFRP2_HDGR2
3150,IL34_IL_34
3151,KIRREL3_KIRR3
3152,KYNU_KYNU
3153,LCK_LCK
3154,NXPH1_NXPH1
3155,PLCG1_PLCG1
3156,PLXNC1_PLXC1
3157,RSPO2_RSPO2
3158,SH2D1A_SH21A
3159,SLITRK5_SLIK5
3160,SORCS2_SORC2
3161,PPY_PH
3162,IL6_IL_6
3163,HIBADH_3HIDH
3164,CSF2_GM_CSF
3165,LTA_TNF_b
3166,EPB41_41
3167,HSD17B1_17_beta_HSD_1
3168,APOD_Apo_D
3169,IL3_IL_3
3170,PPIB_PPIB
3171,PDIA3_Protein_disulfide_isomerase_A3
3172,TFF3_TFF3
3173,AFM_Afamin
3174,OLFM4_Olfactomedin_4
3175,SMPDL3A_ASM3A
3176,GSN_Gelsolin
3177,SERPINA6_CBG
3178,LPO_PERL
3179,COL8A1_CO8A1
3180,ITIH4_ITI_heavy_chain_H4
3181,SFN_STRATIFIN
3182,SELL_sL_Selectin
3183,TNFRSF10A_TRAIL_R1
3184,EPHA2_Epithelial_cell_kinase
3185,CSF3_G_CSF
3186,GPC3_Glypican_3
3187,IL1A_IL_1a
3188,BMPR2_BMP_RII
3189,NTRK2_TrkB
3190,VEGFA_VEGF121
3191,ANG_Angiogenin
3192,F9_Coagulation_Factor_IX
3193,F10_Coagulation_Factor_X
3194,GDF2_GDF2
3195,INS_Insulin
3196,CCL7_MCP_3
3197,WNT7A_WNT7A
3198,POMC_ACTH
3199,GCG_Glucagon
3200,C3_C3a
3201,CASP2_Caspase_2
3202,COTL1_Coactosin_like_protein
3203,F5_Coagulation_Factor_V
3204,ENG_Endoglin
3205,LGALS8_Galectin_8
3206,PLA2G1B_GIB
3207,GSTP1_Glutathione_S_transferase_Pi
3208,GOT1_GOT1
3209,CCL16_HCC_4
3210,LYZ_Lysozyme
3211,CCL19_MIP_3b
3212,AMH_MIS
3213,MMP1_MMP_1
3214,MMP13_MMP_13
3215,SHBG_SHBG
3216,STC1_Stanniocalcin_1
3217,F3_TF
3218,EREG_EPI
3219,AGR2_AGR2
3220,ANXA1_annexin_I
3221,ANXA2_annexin_II
3222,CDNF_ARMEL
3223,ARPP19_ARP19
3224,ERAP1_ARTS1
3225,ATP5B_ATP_synthase_beta_chain
3226,C1QBP_C1QBP
3227,CAPG_CAPG
3228,CA1_Carbonic_anhydrase_I
3229,CA2_carbonic_anhydrase_II
3230,CTSZ_CATZ
3231,BIRC3_cIAP_2
3232,CRK_CRK
3233,DBNL_DBNL
3234,DPT_DERM
3235,DSC3_DSC3
3236,PI3_Elafin
3237,ESD_Esterase_D
3238,FABP5_FABPE
3239,PTK2_FAK1
3240,FCAR_FCAR
3241,FGFR4_FGFR4
3242,FGG_Fibrinogen_g_chain_dimer
3243,GP1BA_GP1BA
3244,GPC5_GPC5
3245,GRN_GRN
3246,GSTA3_GSTA3
3247,HPGD_HPG_
3248,HRG_HRG
3249,EIF4A3_IF4A3
3250,LGALS3BP_LG3BP
3251,SCGB2A1_Mammaglobin_2
3252,MMP14_MMP_14
3253,MAPK11_MK11
3254,MAPK12_MK12
3255,MAPK13_MK13
3256,MAPK14_MAPK14
3257,SOD2_Mn_SOD
3258,MSN_Moesin
3259,NAMPT_PBEF
3260,AK1_Myokinase__human
3261,CLIC1_NCC27
3262,NCK1_NCK1
3263,PLA2G7_PAFAH
3264,PRDX5_Peroxiredoxin_5
3265,PRDX6_Peroxiredoxin_6
3266,UCHL1_PGP9_5
3267,PGK1_phosphoglycerate_kinase_1
3268,PPA1_PPase
3269,ADSL_PUR8
3270,RB1_Rb
3271,RPS3_RS3
3272,CD163_sCD163
3273,FAP_SEPR
3274,SIRT2_SIRT2
3275,SPTAN1_SPTA2
3276,SSRP1_SSRP1
3277,TPM1_Tropomyosin_1_alpha_chain
3278,PRSS2_Trypsin_2
3279,TYMS_TS
3280,TNFAIP6_TSG_6
3281,CD274_B7_H1
3282,ICOSLG_B7_H2
3283,CD226_CD226
3284,CD244_CD244
3285,CD83_CD83
3286,CD300C_CLM6
3287,CD55_DAF
3288,TNFRSF6B_DcR3
3289,EPHA10_EPHAA
3290,EPHB6_EphB6
3291,IL1RAPL2_IL_1_sR9
3292,IL20RA_IL_20_Ra
3293,IL22RA2_IL_22BP
3294,IL23R_IL_23_R
3295,IL7R_IL_7_Ra
3296,LILRB1_ILT_2
3297,LILRB2_ILT_4
3298,JAG1_JAG1
3299,JAG2_JAG2
3300,AMICA1_JAML1
3301,KIR2DL4_KI2L4
3302,KIR3DL2_KI3L2
3303,KIR3DS1_KI3S1
3304,KLRF1_KLRF1
3305,SCARB2_LIMP_II
3306,MICB_MICB
3307,CD200R1_MO2R1
3308,RTN4R_Nogo_Receptor
3309,NOTCH2_NOTC2
3310,NOTCH1_Notch_1
3311,NOTCH3_Notch_3
3312,NRCAM_Nr_CAM
3313,NRXN1_NRX1B
3314,NRXN3_NRX3B
3315,CD200_OX2G
3316,PRLR_Prolactin_Receptor
3317,ROBO2_ROBO2
3318,ROBO3_ROBO3
3319,SEMA6B_SEM6B
3320,ICAM5_sICAM_5
3321,SLAMF6_SLAF6
3322,SCARF1_SREC_I
3323,TNFRSF19_TAJ
3324,IL27RA_TCCR
3325,TGFBR2_TGF_b_R_II
3326,HAVCR2_TIMD3
3327,TNFRSF12A_TWEAKR
3328,UNC5C_UNC5H3
3329,PDE7A_PDE7A
3330,NMT1_NMT1
3331,PDE9A_PDE9A
3332,PPID_PPID
3333,PSME3_PSME3
3334,GCKR_GCKR
3335,CSNK2A1_CSK21
3336,PDK1_PDK1
3337,KIF23_KIF23
3338,IMPDH1_IMDH1
3339,HMGCR_HMGR
3340,PCSK9_PCSK9
3341,NR1D1_NR1D1
3342,PPIE_PPIE
3343,MAP2K4_MP2K4
3344,PDE2A_cGMP_stimulated_PDE
3345,PPIF_Cyclophilin_F
3346,STK17B_DRAK2
3347,IMPDH2_IMDH2
3348,PDE11A_PDE11
3349,PDE1A_PDE1A
3350,PDE3A_PDE3A
3351,PDE4D_PDE4D
3352,PDE5A_PDE5A
3353,TYK2_TYK2
3354,ABL2_ABL2
3355,BCAR3_BCAR3
3356,CALR_calreticulin
3357,GRAP2_GRB2_related_adapter_protein_2
3358,MMP16_MMP_16
3359,SHC1_SHC1
3360,VAV1_VAV
3361,SLC25A18_GHC2
3362,CCL11_Eotaxin
3363,F9_Coagulation_Factor_IXab
3364,TNNT2_Troponin_T
3365,F2_Prothrombin
3366,ANXA6_annexin_VI
3367,CD86_B7_2
3368,S100A9_calgranulin_B
3369,CASP10_Caspase_10
3370,CPE_CBPE
3371,CKAP2_CKAP2
3372,CPNE1_CPNE1
3373,CCNB1_Cyclin_B1
3374,DLL1_DLL1
3375,GPC6_GPC6
3376,HNRNPA2B1_hnRNP_A2_B1
3377,TNFRSF14_HVEM
3378,IL1RN_IL_1Ra
3379,KRT18_Keratin_18
3380,TNFSF14_LIGHT
3381,NLGN4X_NLGNX
3382,OMD_OMD
3383,PIM1_PIM1
3384,AKT2_PKB_beta
3385,SEMA3E_Semaphorin_3E
3386,SET_SET
3387,TNFRSF13C_BAFF_Receptor
3388,FAS_Fas__soluble
3389,LEPR_sLeptin_R
3390,TNFRSF21_DR6
3391,CDH15_CAD15
3392,CD27_CD27
3393,SIRPA_SHPS1
3394,FABP3_FABP
3395,TNNI2_Troponin_I__skeletal__fast_twitch
3396,TNNI3_Troponin_I
3397,NPPA_ANP
3398,ALCAM_ALCAM
3399,ASGR1_ASGR1
3400,CNDP1_CNDP1
3401,COLEC12_COLEC12
3402,CST1_CYTN
3403,DDX19B_DEAD_box_protein_19B
3404,FCN3_Ficolin_3
3405,GAS1_GAS1
3406,GRB2_GRB2_adapter_protein
3407,HS6ST1_H6ST1
3408,HSP90AB1_HSP_90b
3409,IL17RC_IL_17_RC
3410,PRKCB_PKC_B_II
3411,PRKCG_PKC_G
3412,FOLH1_PSMA
3413,CCL5_RANTES
3414,RASA1_RASA1
3415,RGMA_RGMA
3416,RPS3A_RS3A
3417,ICAM2_sICAM_2
3418,SLAMF7_SLAF7
3419,SRC_SRCN1
3420,STIP1_Stress_induced_phosphoprotein_1
3421,SPOCK1_Testican_1
3422,SPOCK2_Testican_2
3423,WNK3_WNK3
3424,SNRPF_RUXF
3425,CTSD_Cathepsin_D
3426,EGF_EGF
3427,TNFRSF18_GITR
3428,FGFR1_bFGF_R
3429,TNFRSF10B_TRAIL_R2
3430,NRP1_NRP1
3431,FGL1_FGL1
3432,RYK_RYK
3433,TCN2_Holo_TC_II
3434,MINPP1_MINP1
3435,ZPLD1_ZPLD1
3436,PDIA5_PDIA5
3437,CD5_CD5
3438,GREM2_GREM2
3439,PCYOX1L_PCYXL
3440,PGLYRP2_PGRP_L
3441,RNASE10_RNS10
3442,HPSE_HPSE
3443,MFNG_MFNG
3444,MFAP1_MFAP1
3445,FAM19A5_F19A5
3446,FAM171A1_CJ038
3447,DEFB108B_D108B
3448,HINT2_HINT2
3449,LAT2_NTAL
3450,CRH_CRH
3451,FAM172A_F172A
3452,NPFF_NPFF
3453,FAM3B_FAM3B
3454,PAM_AMD
3455,THSD1_THSD1
3456,CD300LF_CLM1
3457,CTRC_CTRC
3458,GNRH1_GON1
3459,SEMA3G_SEM3G
3460,KLRC1_NKG2A
3461,CD300A_CM35H
3462,MLN_MOTI
3463,CRTAC1_CRAC1
3464,POFUT1_OFUT1
3465,MFAP4_MFAP4
3466,NTNG1_NTNG1
3467,COLGALT1_GT251
3468,NETO1_NETO1
3469,LCN8_LCN8
3470,RNASE4_RNAS4
3471,RNASE6_RNAS6
3472,CTRB2_CTRB2
3473,PSG4_PSG4
3474,PDIA6_PDIA6
3475,PSG7_PSG7
3476,PRSS37_PRS37
3477,TMX3_TMX3
3478,ENDOU_PP11
3479,ST3GAL1_SIA4A
3480,F13B_coagulation_factor_XIII_B
3481,TRH_TRH
3482,SOD3_SOD3
3483,IL18_IL_18
3484,PF4V1_PF4V
3485,DEFB106A_D106A
3486,SEMA3B_SEM3B
3487,SIRPB2_SIRB2
3488,CTRB1_Chymotrypsin
3489,ASIP_ASIP
3490,C2orf66_CB066
3491,DEFB103A_HBD_3
3492,OBP2B_OBP2B
3493,VASN_VASN
3494,PRKCSH_GLU2B
3495,CBLN4_CBLN4
3496,DEFB112_DB112
3497,TUFT1_TUFT1
3498,CRISPLD2_CRLD2
3499,TNXB_Tenascin_X
3500,CLEC3B_Tetranectin
3501,OLFM1_NOE1
3502,GZMM_Granzyme_M
3503,5704_74_GZMM_Granzyme_M.txt.md5sum
3504,ELK3_ELK3
3505,LEAP2_LEAP2
3506,IFNL3_IFN_lambda_3
3507,IFNA6_IFNA6
3508,ABHD14A_ABHEA
3509,CSAG1_CSAG1
3510,CILP_CILP
3511,FAM189A2_CI061
3512,PRCP_Prolylcarboxypeptidase
3513,INSL3_INSL3
3514,SBSN_SBSN
3515,SPAG11A_SG11A
3516,B3GALTL_B3GLT
3517,FCRL1_FCRL1
3518,CXCL14_BRAK
3519,SPINK6_ISK6
3520,PVRL4_nectin_4
3521,C1GALT1C1_C1GLC
3522,TREML2_TRML2
3523,SEMA4D_SEM4D
3524,KRTDAP_KTDAP
3525,ROBO1_ROBO1
3526,ACP6_PPA6
3527,CARTPT_CART
3528,MENT_CA056
3529,PI15_PI15
3530,ASAH1_Acid_ceramidase
3531,CLPS_COL
3532,LETMD1_HCCR_1
3533,SUSD3_SUSD3
3534,FAM19A1_F19A1
3535,INSL6_INSL6
3536,GIP_GIP
3537,PAPPA2_PAPP2
3538,GNAS_GNAS3
3539,KLK9_kallikrein_9
3540,SPAG11B_Sperm_associated_antigen_11
3541,DEFB104A_HBD_4
3542,GALNT2_GALT2
3543,DEFB121_DB121
3544,AFP_AFP
3545,BID_BID
3546,NGF_b_NGF
3547,C3_C3d
3548,CD70_CD70
3549,TDGF1_Cripto
3550,EPO_Epo
3551,GDNF_GDNF
3552,IFNGR1_IFN_g_R1
3553,IL9_IL_9
3554,LIFR_LIF_sR
3555,EHMT2_NG36
3556,S100A12_S100A12
3557,MAPT_tau
3558,YWHAZ_14_3_3_protein_zeta_delta
3559,HAAO_3HAO
3560,ALDOA_aldolase_A
3561,ARG1_ARGI1
3562,BAD_BAD
3563,DCTN2_Dynactin_subunit_2
3564,EEF1B2_EF_1_beta
3565,EIF4H_eIF_4H
3566,EIF5A_eIF_5A_1
3567,GRP_Gastrin_releasing_peptide
3568,HINT1_HINT1
3569,HSPA8_HSP70_protein_8
3570,NME1_Nucleoside_diphosphate_kinase_A
3571,PEX5_PEX5
3572,PSME1_PSME1
3573,WISP3_WISP_3
3574,TNF_TNF_a
3575,TNFSF12_TWEAK
3576,THPO_Tpo
3577,PTH_PTH
3578,SST_Somatostatin_28
3579,DMKN_Dermokine
3580,BOLA3_BOLA3
3581,C21orf33_ES1
3582,TNFSF14_LIGHT
3583,UTS2_Urotensin_II
3584,NELL2_NELL2
3585,RLN3_REL3
3586,ST6GAL1_SIAT1
3587,CRHBP_CRHBP
3588,PTPRS_PTPRS
3589,NXPH3_NXPH3
3590,PIP_PIP
3591,ERP44_TXNDC4
3592,SUMF2_SUMF2
3593,CECR1_CECR1
3594,ACPL2_ACPL2
3595,PCOLCE2_PCOC2
3596,CHRDL2_CRDL2
3597,FCRL5_FCRL5
3598,CELA1_ELA1
3599,PCSK2_NEC2
3600,MAMDC2_MAMC2
3601,TP53_p53
3602,MAP2K3_MP2K3
3603,TP53_p53_R175H
3604,PSAP_prosaposin
3605,IFNA5_IFNA5
3606,CGB2_CGB2
3607,IFNA8_IFNA8
3608,PDZD11_PDZ11
3609,ADPGK_ADPGK
3610,GUCA2B_GUC2B
3611,EFHA1_EFHA1
3612,KLK10_kallikrein_10
3613,SPACA1_sperm_acrosome_associated_1
3614,CER1_CER1
3615,STC2_STC2
3616,VIT_VITRN
3617,FGFRL1_FGRL1
3618,PSG8_PSG8
3619,RSPO1_RSPO1
3620,PVRL2_Nectin_2
3621,SIRPB1_SIRB1
3622,SCGB3A1_Secretoglobin_family_3A_member_1
3623,CPXM1_CPXM1
3624,LY6G6C_LY66C
3625,CGREF1_CGRE1
3626,IL17RB_IL_17B_R
3627,CYR61_CYR61
3628,STMN4_STMN4
3629,LEPRE1_P3H1
3630,WSCD2_WSCD2
3631,FURIN_Furin
3632,PCDH8_PCDH8
3633,ST3GAL2_SIA4B
3634,MCEMP1_MCEM1
3635,FAM150B_F150B
3636,MLEC_K0152
3637,ARHGAP36_RHG36
3638,UTS2B_UTS2B
3639,CLSTN3_Alcadein_beta
3640,BAGE2_BAGE2
3641,OIT3_OIT3
3642,C1QTNF1_C1QT1
3643,PLBD1_PLBL1
3644,PCDHGA10_PCDGA
3645,DNASE1L2_DNSL2
3646,BMP4_BMP_4
3647,GGT2_GGT2
3648,NPNT_Nephronectin
3649,APOC2_Apo_C_II
3650,CD79B_CD79B
3651,INSRR_INSRR
3652,HEPHL1_HPHL1
3653,CELA3B_ELA3B
3654,POMGNT2_AGO61
3655,DEFB128_DB128
3656,PTPRR_PTPRR
3657,C2orf40_AUGN
3658,TAPBPL_TPSNR
3659,TXNDC15_TXD15
3660,FMOD_fibromodulin
3661,CSTL1_CST1L
3662,DEAF1_DEAF1
3663,ANGPTL7_ANGL7
3664,YBX2_YBOX2
3665,SEMG2_SEMG2
3666,XXYLT1_XXLT1
3667,LYZL2_LYZL2
3668,C5orf38_CEI
3669,ADAMTSL2_ATL2
3670,ICT1_ICT1
3671,MANBA_MANBA
3672,TLL1_TLL1
3673,WFDC3_WFDC3
3674,VWA1_VWA1
3675,CCDC126_CC126
3676,NPS_NPS
3677,LILRA3_LIRA3
3678,WISP2_WISP_2
3679,HSP90B1_Endoplasmin
3680,GPHA2_GPHA2
3681,LONP1_LONM
3682,DEFB107A_D107A
3683,TP53I13_P5I13
3684,PILRA_PILRA_isoform_FDF03_deltaTM
3685,C1QL1_C1QRF
3686,PSG2_PSG2
3687,NMES1_NMES1
3688,LAD1_LAD1
3689,INHBC_INHBC
3690,ADGRF5_GP116
3691,INSL4_INSL4
3692,DEFB135_DB135
3693,LIPK_LIPK
3694,OAF_OAF
3695,CPN2_CPN2
3696,GKN2_GKN2
3697,SDHAF2_SDHF2
3698,IFNA16_IFN16
3699,RNASE13_RNS13
3700,MMP19_MMP19
3701,FAM19A2_F19A2
3702,PCYOX1_PCYOX
3703,FAM20A_FA20A
3704,AOC2_Amine_oxidase
3705,C14orf93_CN093
3706,MFAP5_MFAP5
3707,ADAMTS6_ATS6
3708,BAGE3_BAGE3
3709,PSG3_PSG3
3710,PTX3_PTX3
3711,SEMA3C_Sema_E
3712,FABP6_FABP6
3713,ASPN_ASPN
3714,LILRB4_LIRB4
3715,ARHGDIA_Rho_GDIa
3716,HAPLN4_HPLN4
3717,PSG6_PSG6
3718,PCDHGA1_PCDG1
3719,RPN1_RPN1
3720,APOC3_Apo_C_III
3721,TIMP4_TIMP_4
3722,QRFP_OX26
3723,PVRIG_PVRIG
3724,POGLUT1_KTEL1
3725,TAC4_TKN4
3726,LY6G6D_LY66D
3727,FBLN1_fibulin_1
3728,CFHR4_FHR4
3729,PMEL_GP100
3730,BPIFA1_PLUNC
3731,IGLON5_IGLO5
3732,CANT1_CANT1
3733,IGLL1_IGLL1
3734,KLK15_kallikrein_15
3735,CPZ_CBPZ
3736,SPACA5_sperm_acrosome_associated_5
3737,EDN1_Endothelin_1
3738,DLK1_DLK1
3739,RS1_XLRS1
3740,LOXL2_Lysyl_oxidase_like_protein_2
3741,TMED10_TMEDA
3742,NCAM2_NCAM2
3743,SCGB1D2_SG1D2
3744,RNF128_RN128
3745,FAM19A4_F19A4
3746,GDF10_BMP_3b
3747,GHRL_ghrelin
3748,MGP_MGP
3749,NPTX2_NPTX2
3750,DUSP13_DUSP13
3751,OBP2A_OBP2A
3752,TRIL_TRIL
3753,EXTL2_EXTL2
3754,PROL1_PROL1
3755,FAM162A_F162A
3756,DNASE2B_DNS2B
3757,PLBD2_LAML2
3758,KIAA2013_K2013
3759,PRLH_PRRP
3760,NELL1_NELL1
3761,PRNP_PRIO
3762,TMPRSS11D_TM11D
3763,VSTM2L_VTM2L
3764,ICAM4_ICAM4
3765,SERPINA12_Vaspin
3766,CFAP45_CCD19
3767,STOML2_Stomatin_like_protein_2
3768,ENPP5_ENPP5
3769,LRRC15_LRC15
3770,COLEC10_COL10
3771,COL13A1_CODA1
3772,C17orf78_CQ078
3773,LRRTM4_LRRT4
3774,FAIM3_FAIM3
3775,ART4_ART4
3776,LAMA4_LAMA4
3777,TNMD_TNMD
3778,PZP_Pregnancy_zone_protein
3779,HRC_SRCH
3780,ADAM11_ADA11
3781,LRFN5_LRFN5
3782,GALNT3_GALT3
3783,SAYSD1_SMDC1
3784,FAM174A_TM157
3785,APCDD1_APCD1
3786,RELL2_RELL2
3787,KAL1_KALM
3788,NDNF_CD031
3789,IGFALS_IGFALS
3790,KISS1_KISS1
3791,CNP_CN37
3792,KDELC1_KDEL1
3793,BRICD5_CP079
3794,FCRL6_FCRL6
3795,LINGO1_LIGO1
3796,RLN2_REL2
3797,APLN_APEL
3798,WNT11_WNT11
3799,ATAD1_ATAD1
3800,CHST12_CHSTC
3801,PNLIPRP1_LIPR1
3802,DEFB1_HBD_1
3803,COL9A1_CO9A1
3804,UPK3BL_UPK3L
3805,UBB_PolyUbiquitin_K48
3806,UBC_PolyUbiquitin_K63
3807,NTN1_NET1
3808,UBB_PolyUbiquitin_K48
3809,CD47_CD47
3810,ALPPL2_PPBN
3811,LRP11_LRP11
3812,ALPPL2_PPBN
3813,TFRC_TR
3814,C1orf162_CA162
3815,B3GAT3_B3GA3
3816,PCBD2_PHS2
3817,UBE2J1_UB2J1
3818,LRRTM2_LRRT2
3819,TMCO5A_TMC5A
3820,MGAT2_MGAT2
3821,CLEC6A_CLC6A
3822,EFHA2_EFHA2
3823,HMGB2_HMG_2
3824,CD164L2_C16L2
3825,LRRC3_LRRC3
3826,CCK_CCKN
3827,HBZ_HBAZ
3828,GFRAL_GFRAL
3829,B4GALT3_B4GT3
3830,PLOD2_PLOD2
3831,SNX8_SNX8
3832,NDST1_NDST1
3833,ST8SIA3_SIA8C
3834,ST8SIA6_SIA8F
3835,ITGA5_ITA5
3836,MRPL34_RM34
3837,PMEPA1_PMEPA
3838,C1orf43_CA043
3839,PCDHGA12_PCDGC
3840,JPH1_JPH1
3841,SUMF1_SUMF1
3842,ST3GAL6_SIA10
3843,FIG4_FIG4
3844,ASIC4_ASIC4
3845,SNX1_SNX1
3846,IGFL3_IGFL3
3847,HLA_DRB3_DRB3
3848,CNTNAP2_CNTP2
3849,STX1B_STX1B
3850,WFDC5_WFDC5
3851,CD74_HG2A
3852,SNAPIN_SNAPN
3853,IGSF8_IGSF8
3854,HS3ST3B1_HS3SB
3855,SDF2L1_SDF2L
3856,FUT9_FUT9
3857,HBD_HBD
3858,C3orf18_CC018
3859,RAB26_RAB26
3860,ASPH_HAAH
3861,GALNT10_GLT10
3862,COL25A1_COPA1
3863,TRAPPC4_TRAPPC4
3864,CD72_CD72
3865,KCNIP4_KCIP4
3866,LILRB5_LIRB5
3867,GCNT1_GCNT1
3868,TSR3_TSR3
3869,SEMA7A_Semaphorin_7A
3870,CHST5_CHST5
3871,ST8SIA4_SIA8D
3872,BNIP3_BNIP3
3873,C20orf173_CT173
3874,CEACAM19_CEA19
3875,ADAM23_ADAM_23
3876,NEGR1_NEGR1
3877,CLEC2D_CLC2D
3878,LILRA6_LIRA6
3879,ERO1L_ERO1A
3880,VAMP8_VAMP8
3881,G6B_G6B
3882,FAM209B_F209B
3883,TSNARE1_TSNA1
3884,KEL_KELL
3885,MAN1B1_MA1B1
3886,C22orf15_CV015
3887,ECEL1_ECEL1
3888,BTN3A1_BT3A1
3889,B3GNT6_B3GN6
3890,MATN4_MATN4
3891,DRAXIN_DRAXI
3892,CDSN_CDSN
3893,SYT11_SYT11
3894,GALNT1_GALT1
3895,PDILT_PDILT
3896,RMDN1_RMD1
3897,CDY1_CDY1
3898,FSTL5_FSTL5
3899,CD2_CD2
3900,CABP7_CABP7
3901,CABLES2_CABL2
3902,OOSP2_PLACL
3903,SMIM24_CS077
3904,DNAJB11_DJB11
3905,GRPEL1_GRPE1
3906,SEMG1_Semenogelin
3907,OSCAR_OSCAR
3908,SERPINI2_SPI2
3909,IGDCC3_IGDC3
3910,SYT7_SYT7
3911,MRPL52_RM52
3912,IL21_IL_21
3913,APOA2_Apo_A_II
3914,VWA2_VWA2
3915,LAIR2_LAIR2
3916,C1QL4_C1QL4
3917,MSRA_MSRA
3918,SLITRK4_SLIK4
3919,CELA2A_ELA2A
3920,MGAT4B_MGT4B
3921,CPN1_CBPN
3922,GCNT2_GNT2C
3923,KAZALD1_KAZD1
3924,ITIH3_ITIH3
3925,PDIA4_PDIA4
3926,WFDC8_WFDC8
3927,FAM173A_F173A
3928,NGRN_NGRN
3929,LEG1_CF058
3930,C4BPB_C4b_binding_protein_beta_chain
3931,FUT10_FUT10
3932,PCDHA4_PCDA4
3933,H6PD_G6PE
3934,LACRT_lacritin
3935,VAPA_VAPA
3936,TMEM132C_T132C
3937,PCDHGA2_PCDG2
3938,DEPP_DEPP
3939,NFASC_NFASC
3940,IFNA14_IFN14
3941,VAPB_VAPB
3942,C19orf80_TD26
3943,CEACAM7_CEAM7
3944,GP5_GPV
3945,STX3_STX3
3946,PPM1L_PPM1L
3947,CHST3_CHST3
3948,SLMAP_SLMAP
3949,IFNLR1_CRF2_12
3950,PCDHAC1_PCDC1
3951,NPTN_NPTN
3952,IFNW1_IFN_w
3953,DNAJC15_DJC15
3954,FAM20B_FA20B
3955,SYN3_SYN3
3956,LRFN2_LRFN2
3957,ISCU_ISCU
3958,SEMA6C_SEMA6C
3959,RFNG_RFNG
3960,CEACAM21_CEA21
3961,FBP1_F16P1
3962,IK_RED
3963,MGAT4C_MGT4C
3964,APLP1_Amyloid_like_protein_1
3965,RNASE1_RNase_1
3966,CYB5R3_NADH_cytochrome_b5_reductase
3967,ATP1B2_AT1B2
3968,CKAP4_CKAP4
3969,S100A13_S100A13
3970,TRAT1_TRAT1
3971,MMGT1_MMGT1
3972,COCH_COCH
3973,ST6GALNAC6_SIA7F
3974,TMPRSS11A_TM11A
3975,P2RX6_P2RX6
3976,COLGALT2_GT252
3977,MBTPS1_MBTP1
3978,VSTM4_CJ072
3979,IGFLR1_TM149
3980,CELF2_CELF2
3981,FREM2_FREM2
3982,GORAB_GORAB
3983,BCL2L10_B2L10
3984,C1QTNF3_C1QT3
3985,QKI_QKI
3986,PTH2_TIP39
3987,PRG2_EMBP
3988,CHST14_CHSTE
3989,OSTN_OSTN
3990,SERPINA9_SPA9
3991,SPTLC2_LCB2
3992,LRRC32_LRC32
3993,ANK2_ANK2
3994,YWHAQ_14_3_3_protein_theta
3995,CRELD1_CREL1
3996,LMAN2_Lectin__mannose_binding_2
3997,MYBPC1_MYPC1
3998,NPPB_N_terminal_pro_BNP
3999,NBR1_NBR1
4000,FMR1_FMR1
4001,CFTR_CFTR
4002,VAMP4_VAMP4
4003,OPALIN_OPALI
4004,ITGB6_ITB6
4005,STX2_STX2
4006,FATE1_FATE1
4007,RTF1_RTF1
4008,RNF148_RN148
4009,TIMM50_TIM50
4010,CISD1_ZCD1
4011,NDUFB11_NDUBB
4012,NDUFV2_NDUV2
4013,SFRP2_SARP_1
4014,CLEC4D_CLC4D
4015,HTATIP2_HTAI2
4016,JAG1_JAG1
4017,ITGB5_ITB5
4018,HLA_DQA2_DQA2
4019,RNF215_RN215
4020,CHKB_CHKB
4021,SNN_SNN
4022,CDH11_Cadherin_11
4023,ITM2A_ITM2A
4024,ZP4_ZP4
4025,CLPSL2_CF126
4026,SH3BP2_3BP2
4027,NFU1_NFU1
4028,KIR2DL2_KI2L2
4029,UNC5B_UNC5B
4030,C9orf89_BINCA
4031,CHST11_CHSTB
4032,EDDM3B_EP3B
4033,KNG1_Kininogen__HMW
4034,EFNB3_Ephrin_B3
4035,CLEC2B_CLC2B
4036,LILRA5_LIRA5
4037,ATP5J_CF6
4038,PRDX4_PRDX4
4039,LIF_LIF
4040,CCDC90B_CC90B
4041,KLRC3_NKG2E
4042,CD79A_CD79A
4043,CCDC167_CC167
4044,CHST1_CHST1
4045,GOSR1_GOS_28
4046,B4GALT7_B4GT7
4047,GLCE_GLCE
4048,SPATA9_SPAT9
4049,C1QTNF5_C1QTNF5
4050,IGFBPL1_IBPL1
4051,GBP6_GBP6
4052,C1D_C1D
4053,HRASLS2_HRSL2
4054,ST6GALNAC2_SIA7B
4055,MSRB3_MSRB3
4056,ABHD12_ABD12
4057,DCLK3_DCLK3
4058,ADAM32_ADA32
4059,BNIP3L_BNI3L
4060,SMR3A_SMR3A
4061,FAM19A3_F19A3
4062,ESAM_ESAM
4063,SERF1A_SERF1
4064,PSG11_PSG11
4065,QPCT_Glutaminyl_cyclase
4066,COX4I2_COX42
4067,ANKRD46_ANR46
4068,MTIF3_IF3M
4069,SCO1_SCO1
4070,NCR3LG1_NR3L1
4071,FAM151A_F151A
4072,NTS_NEUT
4073,PCDHGC3_PCDGK
4074,HERC4_HERC4
4075,ROR2_ROR2
4076,PGRMC1_PGRC1
4077,SIGLEC8_SIGL8
4078,PLA2G16_HRSL3
4079,DNAJC30_DJC30
4080,ST6GALNAC1_SIA7A
4081,TMEM132A_T132A
4082,TSSK2_TSSK2
4083,PLEK_PLEK
4084,SEC61B_SC61B
4085,CYP3A4_Cytochrome_P450_3A4
4086,PSMA1_PSA1
4087,PARP16_PAR16
4088,SPTLC1_SPTC1
4089,COX5B_COX5B
4090,COA3_CCD56
4091,DPP10_DPP10
4092,UGT1A6_UGT_1A6
4093,KIAA1467_K1467
4094,FGF3_FGF_3
4095,MRAP_MRAP
4096,DLG3_DLG3
4097,MDM1_MDM1
4098,VAMP3_VAMP3
4099,HP_HPT
4100,LRFN1_LRFN1
4101,SCN4B_SCN4B
4102,S100A7_S100A7
4103,CPD_CBPD
4104,AMY1A_Amylase__alpha_1A
4105,ST8SIA2_SIA8B
4106,FJX1_FJX1
4107,ADM_Adrenomedullin
4108,SEMA4C_SEM4C
4109,CD3G_CD3G
4110,SMCO2_CL070
4111,SPINT3_SPIT3
4112,ST6GALNAC5_SIA7E
4113,TPST1_TPST1
4114,EXOSC1_EXOS1
4115,SYT8_SYT8
4116,ADAM22_ADA22
4117,NDRG4_NDRG4
4118,LARGE_LARGE
4119,PQLC2L_CC055
4120,CUZD1_CUZD1
4121,KIR3DL3_KI3L3
4122,SEMA6A_Semaphorin_6A
4123,ENTHD2_AP4AT
4124,GLTPD2_GLTD2
4125,BTNL9_BTNL9
4126,VTI1A_VTI1A
4127,SLAMF1_SLAF1
4128,ITIH1_ITI_heavy_chain_H1
4129,MINOS1_MOS1
4130,SCG3_SCG3
4131,CDH7_CADH7
4132,POTEG_POTEG
4133,SPINK8_ISK8
4134,POTEM_POTEM
4135,CRTAM_CRTAM
4136,WFDC11_WFD11
4137,ART3_NAR3
4138,UNC5A_UNC5A
4139,FRRS1L_FRS1L
4140,B3GNT2_B3GN2
4141,B3GALT6_B3GT6
4142,MRPL32_RM32
4143,PCDHGC5_PCDGM
4144,NAALAD2_NALD2
4145,C1orf226_CA226
4146,IQCF1_IQCF1
4147,ASTL_ASTL
4148,ERO1LB_ERO1B
4149,VWC2L_VWC2L
4150,DOC2B_DOC2B
4151,ENTPD1_CD39
4152,KIR2DL5A_KI2LA
4153,TMPRSS5_Spinesin
4154,LGI3_LGI3
4155,GAPDHS_G3PT
4156,MXRA7_MXRA7
4157,DNAJB12_DJB12
4158,CTSB_Cathepsin_B
4159,HRK_HRK
4160,SURF1_SURF1
4161,PAPL_PAPL
4162,LMAN2L_LMA2L
4163,MANEA_MANEA
4164,DNAJC4_DNJC4
4165,FOXRED1_FXRD1
4166,VSIG2_VSIG2
4167,STMN3_STMN3
4168,MRPL14_RM14
4169,TPST2_TPST2
4170,SPINK5_SPINK5
4171,MCCD1_MCCD1
4172,DNAJC18_DJC18
4173,DRGX_DRGX
4174,C1orf198_CA198
4175,FSHB_FSHB
4176,NSDHL_NSDHL
4177,FAM177A1_F177A
4178,LEMD1_LEMD1
4179,SPINK9_ISK9
4180,COMP_COMP
4181,XG_XG
4182,KIR3DL3_KI3L3
4183,LGALS1_Galectin_1
4184,FTMT_FTMT
4185,AGGF1_AGGF1
4186,DNAJB14_DJB14
4187,DGCR2_IDD
4188,THPO_Tpo
4189,NRG2_NRG2
4190,FAM171B_F171B
4191,EVA1B_F176B
4192,PVR_Poliovirus_receptor
4193,PATE4_PATE4
4194,SYT9_SYT9
4195,KCNE3_KCNE3
4196,KIAA1161_K1161
4197,CD3E_CD3E
4198,DLG4_DLG4
4199,PCDHB7_PCDB7
4200,TMEM70_TMM70
4201,SPACA3_SACA3
4202,EID3_EID3
4203,MSMP_PSMP
4204,PLD5_PLD5
4205,ITM2B_ITM2B
4206,RNF13_RNF13
4207,C1orf210_CA210
4208,NR4A1_NR4A1
4209,KIAA1161_K1161
4210,CISD2_CISD2
4211,LIPN_LIPN
4212,TBXAS1_THAS
4213,SPON2_SPON2
4214,ADM2_ADM2
4215,C1orf186_CA186
4216,IL10RA_IL_10_Ra
4217,SSR1_SSRA
4218,TMEM234_TM234
4219,ZG16_ZG16
4220,C10orf35_CJ035
4221,MIF_MIF
4222,CDHR3_CDHR3
4223,EPHB2_EPHB2
4224,GXYLT1_GXLT1
4225,FLT1_VEGF_sR1
4226,ITIH5_ITIH5
4227,CHGB_SCG1
4228,C18orf32_CR032
4229,SOSTDC1_SOSD1
4230,CLEC2L_CLC2L
4231,SPINK1_TATI
4232,FUT8_FUT8
4233,ICAM5_sICAM_5
4234,SIGLEC14_SIG14
4235,ALK_ALK
4236,PTPRJ_PTPRJ
4237,NOTUM_NOTUM
4238,POMGNT1_PMGT1
4239,MRVI1_MRVI1
4240,UXS1_UXS1
4241,STOM_STOM
4242,TYMSOS_CR056
4243,TMPO_LAP2B
4244,HS3ST3A1_HS3SA
4245,ARSK_ARSK
4246,HSD17B7_DHB7
4247,IL31RA_IL31R
4248,STX7_Syntaxin_7
4249,PEAR1_PEAR1
4250,ADCYAP1_PACA
4251,APOH_b2_Glycoprotein_I
4252,GPNMB_GPNMB
4253,KDELC2_KDEL2
4254,DNAJC10_DJC10
4255,SSMEM1_CG045
4256,LILRA4_LIRA4
4257,PEX14_PEX14
4258,C12orf10_MYG1
4259,TNFRSF11B_OPG
4260,SULF2_SULF2
4261,PRRG1_TMG1
4262,C11orf68_CK068
4263,HYAL1_HYAL1
4264,ZG16B_U773
4265,DEFB119_DB119
4266,SPRED1_SPRE1
4267,SLTM_SLTM
4268,ZNF843_ZN843
4269,TFF3_TFF3
4270,ADH4_ADH4
4271,SIGIRR_SIGIRR
4272,DPEP2_DPEP2
4273,ETNK1_EKI1
4274,TCP11_TCP11
4275,GRAMD1C_GRM1C
4276,PTPRU_PTPRU
4277,DEFB110_DB110
4278,PAPOLG_PAPOG
4279,GPX7_GPX7
4280,DPP7_DPP2
4281,DEFB129_DB129
4282,PRSS57_PRS57
4283,SIGLEC12_SIG12
4284,SCN2B_SCN2B
4285,ISM1_ISM1
4286,OXT_NEU1
4287,SULT4A1_ST4A1
4288,PRDX3_Peroxiredoxin_3
4289,NCR1_NKp46
4290,KIAA1324L_K132L
4291,UST_UST
4292,C1orf115_CA115
4293,VSIG1_VSIG1
4294,TNFRSF1B_TNF_sR_II
4295,DAG1_DAG1
4296,CDHR1_CDHR1
4297,NGFR_NGF_R
4298,LHB_LSHB
4299,LDOC1_LDOC1
4300,DLK1_DLK1
4301,MAPKAPK5_MAPK5
4302,C11orf94_CK094
4303,PATE1_PATE
4304,SPAST_Spastin
4305,LRRC74A_CN16B
4306,COX7A1_CX7A1
4307,DEFB115_DB115
4308,RNASE2_RNase_2
4309,FAAH2_FAAH2
4310,QSOX2_QSOX2
4311,RARRES1_RAR_responsive_protein_TIG1
4312,STK17B_DRAK2
4313,GRP_Gastrin_releasing_peptide
4314,CYTL1_CYTL1
4315,FASN_Fatty_acid_synthase
4316,BOLA2_BolA_like_protein_2
4317,ADAM10_ADAM_10
4318,IGF1_IGF_I
4319,RSPO2_RSPO2
4320,CTNNB1_b_Catenin
4321,RSPO3_RSPO3
4322,NTM_NTRI
4323,AXIN2_AXIN2
4324,ADCYAP1_PACAP_27
4325,GHRL_ghrelin
4326,ADCYAP1_PACAP_38
4327,SNCA_a_Synuclein
4328,BMP6_BMP_6
4329,GH1_HGH
4330,RSPO4_RSPO4
4331,CTSH_Cathepsin_H
4332,KLK3_PSA
4333,IGFBP2_IGFBP_2
4334,RNASEH1_RNase_H1
4335,CHGA_CgA
4336,MMP10_MMP_10
4337,EFEMP1_FBLN3
4338,LEP_Leptin
4339,KEAP1_KEAP1
4340,ADAM30_ADA30
4341,TNFRSF10B_TRAIL_R2
4342,DMKN_Dermokine
4343,FAM134B_F134B
4344,PLVAP_PLVAP
4345,ARL8B_ARL8B
4346,SPINK14_ISK52
4347,CDCP1_CDCP1
4348,TMEM9_TMEM9
4349,LRP1_sLRP1
4350,GPNMB_GPNMB
4351,ERMAP_ERMAP
4352,RNF128_RN128
4353,ZPBP_ZPBP1
4354,LRRTM4_LRRT4
4355,DNAJC4_DNJC4
4356,ADAM10_ADAM_10
4357,G6B_G6B
4358,OLFML3_OLFL3
4359,PKDCC_PKDCC
4360,TRAPPC5_TPPC5
4361,PGRMC2_PGRC2
4362,C11orf73_HIKES
4363,TMEM106B_T106B
4364,CAV3_CAV3
4365,GAL3ST1_G3ST1
4366,GPC1_Glypican_1
4367,CRIM1_CRIM1
4368,GALNT11_GLT11
4369,CD74_HG2A
4370,CD1D_CD1D
4371,VCL_Vinculin
4372,NMU_NMU
4373,KCNE5_KCE1L
4374,PCDHA7_PCDA7
4375,A4GALT_a1_4_Galactosyltransferase
4376,DCUN1D5_DCNL5
4377,LILRA5_LIRA5
4378,ECE1_Endothelin_converting_enzyme_1
4379,BCL10_Bcl_10
4380,EFNB2_EFNB2
4381,EMILIN3_EMIL3
4382,FAM24B_FA24B
4383,ERLIN1_ERLN1
4384,NOG_Noggin
4385,PCDH10_PCD10
4386,FAM175A_F175A
4387,ARMC5_ARMC5
4388,FAM171B_F171B
4389,CA5A_Carbonic_Anhydrase_VA
4390,DPEP1_DPEP1
4391,TFRC_TR
4392,TTC17_TTC17
4393,PVRL1_nectin_1_gamma
4394,COL20A1_COKA1
4395,SNX1_SNX1
4396,HEPACAM_HEPACAM
4397,BAMBI_BAMBI
4398,TXN_Thioredoxin
4399,PSAPL1_SAPL1
4400,OLFML1_OLFL1
4401,CENPV_CENPV
4402,IFNGR2_INGR2
4403,PILRA_PILRA
4404,ESRP1_ESRP1
4405,BST2_BST_2
4406,TNFSF10_TRAIL
4407,CANX_Calnexin
4408,MFAP3L_MFA3L
4409,CASC4_CASC4
4410,MTX2_Metaxin_2
4411,C1S_C1s
4412,CILP2_CILP2
4413,GRAMD1C_GRM1C
4414,MYRF_MRF
4415,ADAMTS3_ATS3
4416,PLA2G2C_PA2GC
4417,SUN3_SUN3
4418,CLEC4A_CLC4A
4419,BATF3_BATF3
4420,CA11_CAH11
4421,PIK3R1_P85A
4422,CENPW_CENPW
4423,QPCTL_QPCTL
4424,PAEP_Glycodelin
4425,BTN2A1_BT2A1
4426,NPM1_NPM1
4427,SEC61G_SC61G
4428,CLN5_CLN5
4429,NRXN2_NRX2B
4430,EVA1C_F176C
4431,YTHDC1_YTDC1
4432,ADAM17_ADAM_17
4433,CACNA2D3_CA2D3
4434,NUDC_NUDC
4435,SMIM9_CX068
4436,CCPG1_CCPG1
4437,TMEM132B_T132B
4438,CPVL_CPVL
4439,PEAR1_PEAR1
4440,PARP1_PARP
4441,HNRNPAB_hnRNP_A_B
4442,LRRC37A2_L37A2
4443,UGT1A8_UD18
4444,NEO1_NEO1
4445,COX6C_COX6C
4446,KCNMB3_KCMB3
4447,LRTM2_LRTM2
4448,UGT2A1_UD2A1
4449,KCNE5_KCE1L
4450,GNPDA1_GNPI1
4451,SIGLEC11_SIG11
4452,STIM1_STIM1
4453,PTK2B_FAK2
4454,PABPN1_PABP2
4455,TMCC3_TMCC3
4456,GALNT16_GLTL1
4457,CALY_CALY
4458,RRM2B_RIR2B
4459,C7orf73_CG073
4460,BDP1_BDP1
4461,G0S2_G0S2
4462,ENTPD6_ENTP6
4463,MEF2C_MEF2C
4464,ABCC6_MRP6
4465,NLGN3_NLGN3
4466,MRPL21_RM21
4467,FAM175B_F175B
4468,NR1H4_NR1H4
4469,ADAM19_ADA19
4470,CLCA2_CLCA2
4471,CSPG4_CSPG4
4472,HDGF_HDGF
4473,MAP4K1_M4K1
4474,GLT8D1_GL8D1
4475,SCARF2_SREC_II
4476,ERLEC1_XTP3B
4477,CHL1_CHL1
4478,ADAM17_ADAM_17
4479,ERAP2_LRAP
4480,RPS6KB1_KS6B1
4481,VTI1B_Vti1_rp1
4482,DUSP26_DUS26
4483,CD14_CD14
4484,RIPK2_RIPK2
4485,NRXN1_NRX1A
4486,FCRL4_FCRL4
4487,COL15A1_COFA1
4488,RQCD1_RCD1
4489,B4GALNT1_B4GN1
4490,MAP4K3_M4K3
4491,CD200R1L_MO2R2
4492,THBS3_TSP3
4493,GOLM1_GOLM1
4494,SERAC1_SRAC1
4495,SCUBE1_SCUB1
4496,ATP1B3_AT1B3
4497,FCRL4_FCRL4
4498,TMEM2_TMEM2
4499,RIPK2_RIPK2
4500,SLAMF8_SLAMF8
4501,HS3ST4_HS3S4
4502,CEACAM3_CEAM3
4503,SLC3A1_SLC31
4504,SERPINA11_SPA11
4505,MARCO_MARCO
4506,LDLRAD4_CR001
4507,PLXNA1_PLXA1
4508,PRRG1_TMG1
4509,PRPF6_PRP6
4510,TMEM25_TMM25
4511,PRG3_PRG3
4512,NR1H2_NR1H2
4513,LCT_LPH
4514,PCDH10_PCD10
4515,HAVCR1_TIM_1
4516,DEFB132_DB132
4517,AHSP_AHSP
4518,BTNL8_BTNL8
4519,NLGN2_NLGN2
4520,MTPAP_PAPD1
4521,C17orf89_CQ089
4522,ROS1_ROS1
4523,MXI1_MXI1
4524,STX18_STX18
4525,JTB_JTB
4526,TOR1AIP1_TOIP1
4527,EPDR1_EPDR1
4528,TFIP11_TFP11
4529,CNTNAP5_CNTP5
4530,SLC27A2_S27A2
4531,SLC16A3_MOT4
4532,RSRP1_CA063
4533,IL32_IL32
4534,CRIP2_CRIP2
4535,MYZAP_MYZAP
4536,ADRM1_ADRM1
4537,TIMM21_TIM21
4538,RAPGEF5_RPGF5
4539,IGSF9B_TUTLB
4540,ARHGEF10_ARHGA
4541,RNF215_RN215
4542,JAKMIP3_JKIP3
4543,C17orf67_CQ067
4544,FAXDC2_CE004
4545,KIAA1024_K1024
4546,PENK_PENK
4547,MAN1A2_MA1A2
4548,SNTB1_SNTB1
4549,SLC30A3_ZNT3
4550,SEL1L2_SE1L2
4551,NHLRC3_NHLC3
4552,JPH3_JPH3
4553,SYTL4_SYTL4
4554,ANGPTL1_ANGL1
4555,CLEC4C_CLC4C
4556,MTFR1_MTFR1
4557,KIAA1324_K1324
4558,SYT5_SYT5
4559,C5orf46_CE046
4560,ZFYVE27_ZFY27
4561,LYSMD4_LYSM4
4562,ARMC10_ARM10
4563,SYT17_SYT17
4564,JPH4_JPH4
4565,UMODL1_UROL1
4566,ADAMDEC1_ADEC1
4567,HEPACAM2_HECA2
4568,IL36G_IL_1F9
4569,PSD2_PSD2
4570,FUT2_FUT2
4571,DOS_DOS
4572,MASP1_MASP3
4573,NT5DC3_NT5D3
4574,SLC26A5_S26A5
4575,FLRT3_FLRT3
4576,CCL26_Eotaxin_3
4577,IL17A_IL_17
4578,CSRP3_CSRP3
4579,MMP8_MMP_8
4580,PGM1_PGM1
4581,DSCAM_DSCAM
4582,MUC1_MUC1
4583,FAM3B_FAM3B
4584,NRG1_NEUREGULIN_1
4585,IFNGR2_INGR2
4586,LRP1_sLRP1
4587,IFNAR1_IFN_a_b_R1
4588,TFF1_TFF1
4589,HMGN1_HMGN1
4590,CXCL9_MIG
4591,CD63_CD63
4592,TFF2_Trefoil_factor_2
4593,LGALS7_Galectin_7
4594,LGALS9_LEG9
4595,UBE2G2_UB2G2
4596,TAGLN2_Transgelin_2
4597,ATP5O_ATPO
4598,POMC_Corticotropin_lipotropin
4599,CRYZL1_QORL1
4600,SERPINF1_PEDF
4601,CTSF_CATF
4602,FTCD_FTCD
4603,USP25_UBP25
4604,PLXNB2_PLXB2
4605,NENF_NENF
4606,EPHB3_EPHB3
4607,ITPRIPL1_IPIL1
4608,MANF_ARMET
4609,TMUB2_TMUB2
4610,CTRL_CTRL
4611,IMPAD1_IMPA3
4612,TFPI2_TFPI__2
4613,TWSG1_TWSG1
4614,PLXDC1_PXDC1
4615,ACP2_Lysosomal_acid_phosphatase
4616,SIRPG_SIRPG
4617,LYG1_LYG1
4618,PPT1_PPT1
4619,MYDGF_CS010
4620,TMEM9_TMEM9
4621,MAN2B2_MA2B2
4622,ABO_BGAT
4623,FCER1A_FCERA
4624,IL17C_IL_17C
4625,NPTX1_NPTX1
4626,TACO1_TACO1
4627,SIAE_SIAE
4628,CTSO_CATO
4629,GLIPR1_GLIP1
4630,TREM1_sTREM_1
4631,CPA4_CBPA4
4632,STIM1_STIM1
4633,CTSL_Cathepsin_L
4634,CPA2_CBPA2
4635,EPYC_Epiphycan
4636,CRISP2_CRIS2
4637,CD44_CD44
4638,SPR_SPRE
4639,FKBP7_FKBP7
4640,RMDN3_RMD3
4641,MFAP2_MFAP2
4642,PTPRD_PTPRD
4643,B3GNT8_B3GN8
4644,GADD45GIP1_G45IP
4645,DEFB118_DB118
4646,CD8B_CD8B
4647,AZGP1_AZGP1
4648,CBLN1_CBLN1
4649,PSG5_PSG5
4650,MUL1_MUL1
4651,WFDC1_WFDC1
4652,LRRC25_LRC25
4653,TMED4_TMED4
4654,NMB_NMB
4655,RCN1_RCN1
4656,ITIH2_ITI_heavy_chain_H2
4657,LYPD1_LYPD1
4658,TREML1_TRML1
4659,DEFB136_DB136
4660,ERP27_ERP27
4661,PSG9_PSG9
4662,TAC1_TKN1
4663,FKBP2_FKBP2
4664,FKBP14_FKB14
4665,PDGFD_PDGFD
4666,IL2RB_IL_2_sRb
4667,WFDC13_WFD13
4668,C1RL_C1RL1
4669,FSTL4_FSTL4
4670,CREG1_CREG1
4671,DLK2_EGFL9
4672,EDIL3_EDIL3
4673,PCDHAC2_PCDC2
4674,CT55_CX048
4675,EYS_EYS
4676,IL21R_IL_21_sR
4677,LRTM1_LRTM1
4678,LRRC4C_NGL1
4679,GGH_GGH
4680,MPZL2_MPZL2
4681,NNAT_NNAT
4682,KITLG_SCF
4683,FIBCD1_FBCD1
4684,SMIM10_CX069
4685,PLA2G12B_sPLA_2__XIII
4686,CHI3L2_CH3L2
4687,CAMP_Cathelicidin_peptide
4688,GAA_GAA
4689,TTC9B_TTC9B
4690,MCEE_MCEE
4691,PCSK1N_PCSK1
4692,MGAT4A_MGT4A
4693,CPQ_Aminopeptidase
4694,GALP_GALP
4695,TRABD2A_CB089
4696,DCBLD1_DCBD1
4697,TPSAB1_TRYB1
4698,ACVR2B_Activin_RIIB
4699,CPM_CBPM
4700,CTSK_cathepsin_K
4701,DGCR6_DGCR6
4702,C19orf18_CS018
4703,C4BPA_C4b_binding_protein_alpha_chain
4704,CDK2AP1_CDKA1
4705,UMOD_Uromodulin
4706,VEGFB_VEGF_B
4707,CAV2_CAV2
4708,FAS_Fas__soluble
4709,LMAN2_Lectin__mannose_binding_2
4710,METTL24_MET24
4711,ASGR2_ASGR2
4712,GPX5_GPX5
4713,PRPSAP1_KPRA
4714,NUDT9_NUDT9
4715,DSG2_Desmoglein_2
4716,DEFB125_DB125
4717,GHRH_Growth_hormone_releasing_factor
4718,C4orf32_CD032
4719,CXCL17_VCC1
4720,NMS_NMS
4721,RAB27A_RB27A
4722,APOL1_Apo_L1
4723,TMEM38B_TM38B
4724,NXPH2_NXPH2
4725,FGF22_FGF22
4726,PLA1A_PLA1A
4727,AIFM1_AIF
4728,ITM2C_ITM2C
4729,SPATA31D4_S31D4
4730,PTK7_PTK7
4731,CLPSL1_COLL1
4732,LST1_LST1
4733,WBP1L_WBP1L
4734,EDDM3A_EP3A
4735,B3GALT1_B3GT1
4736,COG8_COG8
4737,C7orf69_CG069
4738,GZMK_Granzyme_K
4739,9545_156_GZMK_Granzyme_K.txt.md5sum
4740,EMID1_EMID1
4741,TTC17_TTC17
4742,MANSC1_MANS1
4743,VCAN_CSPG2
4744,PAWR_PAWR
4745,FCAMR_FCAMR
4746,TXNDC11_TXD11
4747,BIN1_BIN1
4748,MNX1_MNX1
4749,SYT2_SYT2
4750,MANSC4_MANS4
4751,PRRG4_TMG4
4752,LAMC2_Laminin_gamma_2
4753,PRPF6_PRP6
4754,SUSD1_SUSD1
4755,RNF24_RNF24
4756,CLMP_ACAM
4757,COX7A2L_COX7R
4758,SLC30A5_ZNT5
4759,B4GALT2_B4GT2
4760,CSMD1_CSMD1
4761,PIANP_PIANP
4762,THSD7A_THS7A
4763,NUP210L_P210L
4764,PRR27_CD040
4765,ZNF275_ZN275
4766,TIGIT_TIGIT
4767,PDGFRL_PGFRL
4768,IGSF3_IGSF3
4769,MMP16_MMP_16
4770,MMRN2_EMILIN_3
4771,CCNB1IP1_CIP1
4772,GHDC_GHDC
4773,CD96_TACT
4774,FAF2_FAF2
4775,MSH2_MSH2
4776,DDX39B_BAT1
4777,DNAJA4_DNJA4
4778,EIF4E2_IF4E2
4779,MARK3_MARK3
4780,GSTM3_GSTM3_3
4781,YBX1_NSEP1
4782,EZR_Ezrin
4783,NQO2_Quinone_reductase_2
4784,ENAH_ENAH
4785,RPS4X_RS4X
4786,IDO1_INDO
4787,VASP_VASP
4788,HNRNPF_HNRPF
4789,NDE1_NDE1
4790,RIPPLY1_RIPP1
4791,DNER_DNER
4792,NLGN2_NLGN2
4793,RNF149_RN149
4794,RNF150_RN150
4795,TMEM52B_TM52B
4796,HERPUD2_HERP2
4797,DNAJC11_DJC11
4798,IER3_IEX1
4799,SYNE2_Nesprin_2
4800,BRSK2_BR_serine_threonine_kinase_2
4801,IGDCC4_IGDC4
4802,ADCK4_ADCK4
4803,CEL_CEL
4804,NDUFB8_NDUB8
4805,PNPLA2_PLPL2
4806,SEMA4B_SEM4B
4807,TNRC6B_TNR6B
4808,ARHGAP1_RHG01
4809,ISOC1_ISOC1
4810,NUP210_PO210
4811,DHFR_DYR
4812,FHIT_Fragile_histidine_triad_protein
4813,LDHC_LDHC
4814,SULT2A1_SULT_2A1
4815,VAV3_VAV3
4816,G3BP2_G3BP2
4817,HGD_HGD
4818,ADH1B_ADH1B
4819,ALDH1A3_AL1A3
4820,DCK_DCK
4821,NQO1_NAD_P_H_dehydrogenase
4822,SMAD1_SMAD1
4823,TIRAP_Tirap
4824,CDC42_Cdc42Hs
4825,PAICS_Multifunctional_protein_ADE2
4826,CTNNB1_b_Catenin
4827,ACTN1_ACTN1
4828,ACTN2_ACTN2
4829,ARHGDIB_Rho_GDI_beta
4830,TGIF2_TGIF2
4831,CCNH_Cyclin_H
4832,APEX1_APEX1
4833,EIF1AX_IF1AX
4834,IFIT2_IFIT2
4835,RHOA_Rho_A
4836,DHPS_DHYS
4837,SAT1_SSAT_1
4838,TPM4_Tropomyosin_4
4839,TTC1_TTC1
4840,UBE2B_UBE2B
4841,FBP2_F16P2
4842,NFKB1_NF_kappa_B_p105
4843,WARS_SYWC
4844,CTNNA2_CTNA2
4845,ESRRA_ERRalpha
4846,CDKN2B_p15_INK4b
4847,THOC1_THOC1
4848,ALDOC_aldolase_C
4849,CRKL_CRKL
4850,TDO2_T23O
4851,GLO1_Glyoxalase_I
4852,PPIL1_PPIL1
4853,RAP2A_RAP2A
4854,XRCC4_XRCC4
4855,RBBP6_RBBP6
4856,AFAP1L1_AF1L1
4857,OAZ1_Ornithine_decarboxylase_antizyme
4858,MYO6_MYO6
4859,ERCC4_XPF
4860,FOXG1_FOXGB
4861,MCM6_MCM6
4862,ARID1A_ARI1A
4863,KIF1C_KIF1C
4864,NEFH_NFH
4865,EGLN1_EGLN1
4866,SPOCK3_TICN3
4867,TNKS_Tankyrase_1
4868,MTAP_MTAP
4869,RRBP1_RRBP1
4870,LRRC4B_LRC4B
4871,CALB1_Calbindin_D28
4872,SOS1_SOS1
4873,SCARF2_SREC_II
4874,S100P_S100P
4875,TNS4_TENS4
4876,LECT1_LECT1
4877,HSD17B7_DHB7
4878,GABBR2_GABR2
4879,KRT1_Keratin_1
4880,SEMA4F_SEM4F
4881,ATP1B4_AT1B4
4882,PITPNA_PIPNA
4883,LNX1_LNX1
4884,GJA1_CXA1
4885,DUSP28_DUS28
4886,PCDHB1_PCDB1
4887,NXT1_NXT1
4888,TOPBP1_TOPB1
4889,LAG3_LAG_3
4890,FBXL4_FBXL4
4891,TFAM_TFAM
4892,NPIPB3_NPPL3
4893,RNF148_RN148
4894,ADAM15_ADA15
4895,RNF114_RN114
4896,TMEM59L_TM59L
4897,TBC1D5_TBCD5
4898,CDHR5_MUCDL
4899,PCDHB10_PCDBA
4900,MYZAP_MYZAP
4901,SLC22A16_S22AG
4902,UBXN4_UBXN4
4903,CSMD2_CSMD2
4904,DLL3_DLL3
4905,AMIGO1_AMGO1
4906,KIAA1467_K1467
4907,PRSS35_PRS35
4908,YIPF6_YIPF6
4909,NPW_Neuropeptide_W
4910,LRRC24_LRC24
4911,ZNF264_ZN264
4912,ATP4B_ATP4B
4913,DUT_DUT
4914,UBXN4_UBXN4
4915,IRF6_IRF6
